"class","npixels","year","areaHa","scenario","rep"
"0",5395325,2010,485579.25,"RCP85","Rep1"
"1",1670926,2010,150383.34,"RCP85","Rep1"
"2",174937,2010,15744.33,"RCP85","Rep1"
"3",566839,2010,51015.51,"RCP85","Rep1"
"4",217045,2010,19534.05,"RCP85","Rep1"
"6",250075,2010,22506.75,"RCP85","Rep1"
"7",66149,2010,5953.41,"RCP85","Rep1"
"8",151704,2010,13653.36,"RCP85","Rep1"
"9",360270,2010,32424.3,"RCP85","Rep1"
"10",42966,2010,3866.94,"RCP85","Rep1"
"11",338484,2010,30463.56,"RCP85","Rep1"
"12",279784,2010,25180.56,"RCP85","Rep1"
"13",5500,2010,495,"RCP85","Rep1"
"0",5395175,2011,485565.75,"RCP85","Rep1"
"1",1674882,2011,150739.38,"RCP85","Rep1"
"2",173559,2011,15620.31,"RCP85","Rep1"
"3",570554,2011,51349.86,"RCP85","Rep1"
"4",214157,2011,19274.13,"RCP85","Rep1"
"6",251558,2011,22640.22,"RCP85","Rep1"
"7",66163,2011,5954.67,"RCP85","Rep1"
"8",151666,2011,13649.94,"RCP85","Rep1"
"9",357327,2011,32159.43,"RCP85","Rep1"
"10",42816,2011,3853.44,"RCP85","Rep1"
"11",336846,2011,30316.14,"RCP85","Rep1"
"12",279801,2011,25182.09,"RCP85","Rep1"
"13",5500,2011,495,"RCP85","Rep1"
"0",5395025,2012,485552.25,"RCP85","Rep1"
"1",1676093,2012,150848.37,"RCP85","Rep1"
"2",173334,2012,15600.06,"RCP85","Rep1"
"3",571624,2012,51446.16,"RCP85","Rep1"
"4",212101,2012,19089.09,"RCP85","Rep1"
"6",253178,2012,22786.02,"RCP85","Rep1"
"7",66175,2012,5955.75,"RCP85","Rep1"
"8",153095,2012,13778.55,"RCP85","Rep1"
"9",355607,2012,32004.63,"RCP85","Rep1"
"10",42098,2012,3788.82,"RCP85","Rep1"
"11",336360,2012,30272.4,"RCP85","Rep1"
"12",279814,2012,25183.26,"RCP85","Rep1"
"13",5500,2012,495,"RCP85","Rep1"
"0",5394898,2013,485540.82,"RCP85","Rep1"
"1",1678450,2013,151060.5,"RCP85","Rep1"
"2",172376,2013,15513.84,"RCP85","Rep1"
"3",570333,2013,51329.97,"RCP85","Rep1"
"4",211631,2013,19046.79,"RCP85","Rep1"
"6",254431,2013,22898.79,"RCP85","Rep1"
"7",66188,2013,5956.92,"RCP85","Rep1"
"8",153044,2013,13773.96,"RCP85","Rep1"
"9",355247,2013,31972.23,"RCP85","Rep1"
"10",41577,2013,3741.93,"RCP85","Rep1"
"11",336511,2013,30285.99,"RCP85","Rep1"
"12",279818,2013,25183.62,"RCP85","Rep1"
"13",5500,2013,495,"RCP85","Rep1"
"0",5405485,2014,486493.65,"RCP85","Rep1"
"1",1678346,2014,151051.14,"RCP85","Rep1"
"2",170722,2014,15364.98,"RCP85","Rep1"
"3",569323,2014,51239.07,"RCP85","Rep1"
"4",211811,2014,19062.99,"RCP85","Rep1"
"6",254929,2014,22943.61,"RCP85","Rep1"
"7",66096,2014,5948.64,"RCP85","Rep1"
"8",153196,2014,13787.64,"RCP85","Rep1"
"9",349334,2014,31440.06,"RCP85","Rep1"
"10",40290,2014,3626.1,"RCP85","Rep1"
"11",335827,2014,30224.43,"RCP85","Rep1"
"12",279147,2014,25123.23,"RCP85","Rep1"
"13",5498,2014,494.82,"RCP85","Rep1"
"0",5406642,2015,486597.78,"RCP85","Rep1"
"1",1680366,2015,151232.94,"RCP85","Rep1"
"2",170728,2015,15365.52,"RCP85","Rep1"
"3",572406,2015,51516.54,"RCP85","Rep1"
"4",215793,2015,19421.37,"RCP85","Rep1"
"6",254381,2015,22894.29,"RCP85","Rep1"
"7",66115,2015,5950.35,"RCP85","Rep1"
"8",153156,2015,13784.04,"RCP85","Rep1"
"9",345233,2015,31070.97,"RCP85","Rep1"
"10",40082,2015,3607.38,"RCP85","Rep1"
"11",330367,2015,29733.03,"RCP85","Rep1"
"12",279237,2015,25131.33,"RCP85","Rep1"
"13",5498,2015,494.82,"RCP85","Rep1"
"0",5406077,2016,486546.93,"RCP85","Rep1"
"1",1685981,2016,151738.29,"RCP85","Rep1"
"2",168688,2016,15181.92,"RCP85","Rep1"
"3",571670,2016,51450.3,"RCP85","Rep1"
"4",215714,2016,19414.26,"RCP85","Rep1"
"6",255884,2016,23029.56,"RCP85","Rep1"
"7",66126,2016,5951.34,"RCP85","Rep1"
"8",153114,2016,13780.26,"RCP85","Rep1"
"9",341433,2016,30728.97,"RCP85","Rep1"
"10",39844,2016,3585.96,"RCP85","Rep1"
"11",330594,2016,29753.46,"RCP85","Rep1"
"12",279381,2016,25144.29,"RCP85","Rep1"
"13",5498,2016,494.82,"RCP85","Rep1"
"0",5405555,2017,486499.95,"RCP85","Rep1"
"1",1689592,2017,152063.28,"RCP85","Rep1"
"2",167438,2017,15069.42,"RCP85","Rep1"
"3",571677,2017,51450.93,"RCP85","Rep1"
"4",215640,2017,19407.6,"RCP85","Rep1"
"6",257493,2017,23174.37,"RCP85","Rep1"
"7",66148,2017,5953.32,"RCP85","Rep1"
"8",153094,2017,13778.46,"RCP85","Rep1"
"9",338329,2017,30449.61,"RCP85","Rep1"
"10",39564,2017,3560.76,"RCP85","Rep1"
"11",330208,2017,29718.72,"RCP85","Rep1"
"12",279768,2017,25179.12,"RCP85","Rep1"
"13",5498,2017,494.82,"RCP85","Rep1"
"0",5405023,2018,486452.07,"RCP85","Rep1"
"1",1693040,2018,152373.6,"RCP85","Rep1"
"2",166861,2018,15017.49,"RCP85","Rep1"
"3",574154,2018,51673.86,"RCP85","Rep1"
"4",215489,2018,19394.01,"RCP85","Rep1"
"6",259148,2018,23323.32,"RCP85","Rep1"
"7",66214,2018,5959.26,"RCP85","Rep1"
"8",153042,2018,13773.78,"RCP85","Rep1"
"9",332250,2018,29902.5,"RCP85","Rep1"
"10",39343,2018,3540.87,"RCP85","Rep1"
"11",330177,2018,29715.93,"RCP85","Rep1"
"12",279765,2018,25178.85,"RCP85","Rep1"
"13",5498,2018,494.82,"RCP85","Rep1"
"0",5413218,2019,487189.62,"RCP85","Rep1"
"1",1690766,2019,152168.94,"RCP85","Rep1"
"2",166759,2019,15008.31,"RCP85","Rep1"
"3",575880,2019,51829.2,"RCP85","Rep1"
"4",215586,2019,19402.74,"RCP85","Rep1"
"6",259942,2019,23394.78,"RCP85","Rep1"
"7",66170,2019,5955.3,"RCP85","Rep1"
"8",152910,2019,13761.9,"RCP85","Rep1"
"9",326572,2019,29391.48,"RCP85","Rep1"
"10",38462,2019,3461.58,"RCP85","Rep1"
"11",329097,2019,29618.73,"RCP85","Rep1"
"12",279146,2019,25123.14,"RCP85","Rep1"
"13",5496,2019,494.64,"RCP85","Rep1"
"0",5412565,2020,487130.85,"RCP85","Rep1"
"1",1695678,2020,152611.02,"RCP85","Rep1"
"2",168998,2020,15209.82,"RCP85","Rep1"
"3",576270,2020,51864.3,"RCP85","Rep1"
"4",215730,2020,19415.7,"RCP85","Rep1"
"6",261740,2020,23556.6,"RCP85","Rep1"
"7",66196,2020,5957.64,"RCP85","Rep1"
"8",152921,2020,13762.89,"RCP85","Rep1"
"9",321260,2020,28913.4,"RCP85","Rep1"
"10",38060,2020,3425.4,"RCP85","Rep1"
"11",325904,2020,29331.36,"RCP85","Rep1"
"12",279186,2020,25126.74,"RCP85","Rep1"
"13",5496,2020,494.64,"RCP85","Rep1"
"0",5411841,2021,487065.69,"RCP85","Rep1"
"1",1706675,2021,153600.75,"RCP85","Rep1"
"2",168726,2021,15185.34,"RCP85","Rep1"
"3",574870,2021,51738.3,"RCP85","Rep1"
"4",213587,2021,19222.83,"RCP85","Rep1"
"6",264922,2021,23842.98,"RCP85","Rep1"
"7",66210,2021,5958.9,"RCP85","Rep1"
"8",153024,2021,13772.16,"RCP85","Rep1"
"9",319787,2021,28780.83,"RCP85","Rep1"
"10",37437,2021,3369.33,"RCP85","Rep1"
"11",318234,2021,28641.06,"RCP85","Rep1"
"12",279195,2021,25127.55,"RCP85","Rep1"
"13",5496,2021,494.64,"RCP85","Rep1"
"0",5411206,2022,487008.54,"RCP85","Rep1"
"1",1711985,2022,154078.65,"RCP85","Rep1"
"2",168487,2022,15163.83,"RCP85","Rep1"
"3",573541,2022,51618.69,"RCP85","Rep1"
"4",212452,2022,19120.68,"RCP85","Rep1"
"6",267462,2022,24071.58,"RCP85","Rep1"
"7",66221,2022,5959.89,"RCP85","Rep1"
"8",153127,2022,13781.43,"RCP85","Rep1"
"9",318205,2022,28638.45,"RCP85","Rep1"
"10",37146,2022,3343.14,"RCP85","Rep1"
"11",315440,2022,28389.6,"RCP85","Rep1"
"12",279236,2022,25131.24,"RCP85","Rep1"
"13",5496,2022,494.64,"RCP85","Rep1"
"0",5410442,2023,486939.78,"RCP85","Rep1"
"1",1723623,2023,155126.07,"RCP85","Rep1"
"2",167914,2023,15112.26,"RCP85","Rep1"
"3",572361,2023,51512.49,"RCP85","Rep1"
"4",211083,2023,18997.47,"RCP85","Rep1"
"6",273498,2023,24614.82,"RCP85","Rep1"
"7",66236,2023,5961.24,"RCP85","Rep1"
"8",153129,2023,13781.61,"RCP85","Rep1"
"9",314061,2023,28265.49,"RCP85","Rep1"
"10",36856,2023,3317.04,"RCP85","Rep1"
"11",305942,2023,27534.78,"RCP85","Rep1"
"12",279363,2023,25142.67,"RCP85","Rep1"
"13",5496,2023,494.64,"RCP85","Rep1"
"0",5420035,2024,487803.15,"RCP85","Rep1"
"1",1721373,2024,154923.57,"RCP85","Rep1"
"2",167869,2024,15108.21,"RCP85","Rep1"
"3",571061,2024,51395.49,"RCP85","Rep1"
"4",210282,2024,18925.38,"RCP85","Rep1"
"6",274117,2024,24670.53,"RCP85","Rep1"
"7",66132,2024,5951.88,"RCP85","Rep1"
"8",153020,2024,13771.8,"RCP85","Rep1"
"9",310882,2024,27979.38,"RCP85","Rep1"
"10",36084,2024,3247.56,"RCP85","Rep1"
"11",305023,2024,27452.07,"RCP85","Rep1"
"12",278671,2024,25080.39,"RCP85","Rep1"
"13",5455,2024,490.95,"RCP85","Rep1"
"0",5419096,2025,487718.64,"RCP85","Rep1"
"1",1723314,2025,155098.26,"RCP85","Rep1"
"2",167884,2025,15109.56,"RCP85","Rep1"
"3",571726,2025,51455.34,"RCP85","Rep1"
"4",210307,2025,18927.63,"RCP85","Rep1"
"6",275689,2025,24812.01,"RCP85","Rep1"
"7",66157,2025,5954.13,"RCP85","Rep1"
"8",152989,2025,13769.01,"RCP85","Rep1"
"9",307842,2025,27705.78,"RCP85","Rep1"
"10",35897,2025,3230.73,"RCP85","Rep1"
"11",304899,2025,27440.91,"RCP85","Rep1"
"12",278749,2025,25087.41,"RCP85","Rep1"
"13",5455,2025,490.95,"RCP85","Rep1"
"0",5418207,2026,487638.63,"RCP85","Rep1"
"1",1724832,2026,155234.88,"RCP85","Rep1"
"2",167837,2026,15105.33,"RCP85","Rep1"
"3",570298,2026,51326.82,"RCP85","Rep1"
"4",210465,2026,18941.85,"RCP85","Rep1"
"6",279426,2026,25148.34,"RCP85","Rep1"
"7",66170,2026,5955.3,"RCP85","Rep1"
"8",152970,2026,13767.3,"RCP85","Rep1"
"9",304998,2026,27449.82,"RCP85","Rep1"
"10",35709,2026,3213.81,"RCP85","Rep1"
"11",304814,2026,27433.26,"RCP85","Rep1"
"12",278823,2026,25094.07,"RCP85","Rep1"
"13",5455,2026,490.95,"RCP85","Rep1"
"0",5417283,2027,487555.47,"RCP85","Rep1"
"1",1730610,2027,155754.9,"RCP85","Rep1"
"2",168766,2027,15188.94,"RCP85","Rep1"
"3",568148,2027,51133.32,"RCP85","Rep1"
"4",210987,2027,18988.83,"RCP85","Rep1"
"6",281330,2027,25319.7,"RCP85","Rep1"
"7",66197,2027,5957.73,"RCP85","Rep1"
"8",152955,2027,13765.95,"RCP85","Rep1"
"9",302587,2027,27232.83,"RCP85","Rep1"
"10",31987,2027,2878.83,"RCP85","Rep1"
"11",304733,2027,27425.97,"RCP85","Rep1"
"12",278965,2027,25106.85,"RCP85","Rep1"
"13",5456,2027,491.04,"RCP85","Rep1"
"0",5416417,2028,487477.53,"RCP85","Rep1"
"1",1732712,2028,155944.08,"RCP85","Rep1"
"2",168584,2028,15172.56,"RCP85","Rep1"
"3",567330,2028,51059.7,"RCP85","Rep1"
"4",212340,2028,19110.6,"RCP85","Rep1"
"6",281788,2028,25360.92,"RCP85","Rep1"
"7",66213,2028,5959.17,"RCP85","Rep1"
"8",152935,2028,13764.15,"RCP85","Rep1"
"9",301141,2028,27102.69,"RCP85","Rep1"
"10",31552,2028,2839.68,"RCP85","Rep1"
"11",304497,2028,27404.73,"RCP85","Rep1"
"12",279039,2028,25113.51,"RCP85","Rep1"
"13",5456,2028,491.04,"RCP85","Rep1"
"0",5426175,2029,488355.75,"RCP85","Rep1"
"1",1730073,2029,155706.57,"RCP85","Rep1"
"2",169573,2029,15261.57,"RCP85","Rep1"
"3",563716,2029,50734.44,"RCP85","Rep1"
"4",213116,2029,19180.44,"RCP85","Rep1"
"6",281907,2029,25371.63,"RCP85","Rep1"
"7",66077,2029,5946.93,"RCP85","Rep1"
"8",152903,2029,13761.27,"RCP85","Rep1"
"9",298763,2029,26888.67,"RCP85","Rep1"
"10",30730,2029,2765.7,"RCP85","Rep1"
"11",303132,2029,27281.88,"RCP85","Rep1"
"12",278419,2029,25057.71,"RCP85","Rep1"
"13",5420,2029,487.8,"RCP85","Rep1"
"0",5425067,2030,488256.03,"RCP85","Rep1"
"1",1732618,2030,155935.62,"RCP85","Rep1"
"2",166876,2030,15018.84,"RCP85","Rep1"
"3",564421,2030,50797.89,"RCP85","Rep1"
"4",213239,2030,19191.51,"RCP85","Rep1"
"6",283319,2030,25498.71,"RCP85","Rep1"
"7",66110,2030,5949.9,"RCP85","Rep1"
"8",152879,2030,13759.11,"RCP85","Rep1"
"9",298020,2030,26821.8,"RCP85","Rep1"
"10",30388,2030,2734.92,"RCP85","Rep1"
"11",303117,2030,27280.53,"RCP85","Rep1"
"12",278529,2030,25067.61,"RCP85","Rep1"
"13",5421,2030,487.89,"RCP85","Rep1"
"0",5424109,2031,488169.81,"RCP85","Rep1"
"1",1734898,2031,156140.82,"RCP85","Rep1"
"2",165192,2031,14867.28,"RCP85","Rep1"
"3",565023,2031,50852.07,"RCP85","Rep1"
"4",213493,2031,19214.37,"RCP85","Rep1"
"6",284686,2031,25621.74,"RCP85","Rep1"
"7",66135,2031,5952.15,"RCP85","Rep1"
"8",152878,2031,13759.02,"RCP85","Rep1"
"9",296714,2031,26704.26,"RCP85","Rep1"
"10",30210,2031,2718.9,"RCP85","Rep1"
"11",302664,2031,27239.76,"RCP85","Rep1"
"12",278581,2031,25072.29,"RCP85","Rep1"
"13",5421,2031,487.89,"RCP85","Rep1"
"0",5423101,2032,488079.09,"RCP85","Rep1"
"1",1736470,2032,156282.3,"RCP85","Rep1"
"2",162204,2032,14598.36,"RCP85","Rep1"
"3",568554,2032,51169.86,"RCP85","Rep1"
"4",212004,2032,19080.36,"RCP85","Rep1"
"6",286482,2032,25783.38,"RCP85","Rep1"
"7",66144,2032,5952.96,"RCP85","Rep1"
"8",152841,2032,13755.69,"RCP85","Rep1"
"9",295757,2032,26618.13,"RCP85","Rep1"
"10",29983,2032,2698.47,"RCP85","Rep1"
"11",302383,2032,27214.47,"RCP85","Rep1"
"12",278660,2032,25079.4,"RCP85","Rep1"
"13",5421,2032,487.89,"RCP85","Rep1"
"0",5422107,2033,487989.63,"RCP85","Rep1"
"1",1739799,2033,156581.91,"RCP85","Rep1"
"2",156002,2033,14040.18,"RCP85","Rep1"
"3",574478,2033,51703.02,"RCP85","Rep1"
"4",210717,2033,18964.53,"RCP85","Rep1"
"6",289077,2033,26016.93,"RCP85","Rep1"
"7",66172,2033,5955.48,"RCP85","Rep1"
"8",152821,2033,13753.89,"RCP85","Rep1"
"9",294462,2033,26501.58,"RCP85","Rep1"
"10",29804,2033,2682.36,"RCP85","Rep1"
"11",300377,2033,27033.93,"RCP85","Rep1"
"12",278766,2033,25088.94,"RCP85","Rep1"
"13",5422,2033,487.98,"RCP85","Rep1"
"0",5431623,2034,488846.07,"RCP85","Rep1"
"1",1743628,2034,156926.52,"RCP85","Rep1"
"2",152712,2034,13744.08,"RCP85","Rep1"
"3",576863,2034,51917.67,"RCP85","Rep1"
"4",210844,2034,18975.96,"RCP85","Rep1"
"6",289894,2034,26090.46,"RCP85","Rep1"
"7",66348,2034,5971.32,"RCP85","Rep1"
"8",152687,2034,13741.83,"RCP85","Rep1"
"9",287198,2034,25847.82,"RCP85","Rep1"
"10",29303,2034,2637.27,"RCP85","Rep1"
"11",295339,2034,26580.51,"RCP85","Rep1"
"12",278160,2034,25034.4,"RCP85","Rep1"
"13",5405,2034,486.45,"RCP85","Rep1"
"0",5430493,2035,488744.37,"RCP85","Rep1"
"1",1746315,2035,157168.35,"RCP85","Rep1"
"2",152732,2035,13745.88,"RCP85","Rep1"
"3",577173,2035,51945.57,"RCP85","Rep1"
"4",209595,2035,18863.55,"RCP85","Rep1"
"6",292217,2035,26299.53,"RCP85","Rep1"
"7",66382,2035,5974.38,"RCP85","Rep1"
"8",152683,2035,13741.47,"RCP85","Rep1"
"9",285484,2035,25693.56,"RCP85","Rep1"
"10",28846,2035,2596.14,"RCP85","Rep1"
"11",294422,2035,26497.98,"RCP85","Rep1"
"12",278256,2035,25043.04,"RCP85","Rep1"
"13",5406,2035,486.54,"RCP85","Rep1"
"0",5429149,2036,488623.41,"RCP85","Rep1"
"1",1749787,2036,157480.83,"RCP85","Rep1"
"2",154189,2036,13877.01,"RCP85","Rep1"
"3",577377,2036,51963.93,"RCP85","Rep1"
"4",208060,2036,18725.4,"RCP85","Rep1"
"6",295014,2036,26551.26,"RCP85","Rep1"
"7",66428,2036,5978.52,"RCP85","Rep1"
"8",152662,2036,13739.58,"RCP85","Rep1"
"9",280313,2036,25228.17,"RCP85","Rep1"
"10",28691,2036,2582.19,"RCP85","Rep1"
"11",294527,2036,26507.43,"RCP85","Rep1"
"12",278400,2036,25056,"RCP85","Rep1"
"13",5407,2036,486.63,"RCP85","Rep1"
"0",5427993,2037,488519.37,"RCP85","Rep1"
"1",1751536,2037,157638.24,"RCP85","Rep1"
"2",154415,2037,13897.35,"RCP85","Rep1"
"3",578020,2037,52021.8,"RCP85","Rep1"
"4",205079,2037,18457.11,"RCP85","Rep1"
"6",297970,2037,26817.3,"RCP85","Rep1"
"7",66451,2037,5980.59,"RCP85","Rep1"
"8",152663,2037,13739.67,"RCP85","Rep1"
"9",277636,2037,24987.24,"RCP85","Rep1"
"10",28550,2037,2569.5,"RCP85","Rep1"
"11",295786,2037,26620.74,"RCP85","Rep1"
"12",278497,2037,25064.73,"RCP85","Rep1"
"13",5408,2037,486.72,"RCP85","Rep1"
"0",5426720,2038,488404.8,"RCP85","Rep1"
"1",1752562,2038,157730.58,"RCP85","Rep1"
"2",154903,2038,13941.27,"RCP85","Rep1"
"3",578876,2038,52098.84,"RCP85","Rep1"
"4",203855,2038,18346.95,"RCP85","Rep1"
"6",306966,2038,27626.94,"RCP85","Rep1"
"7",66491,2038,5984.19,"RCP85","Rep1"
"8",152658,2038,13739.22,"RCP85","Rep1"
"9",268078,2038,24127.02,"RCP85","Rep1"
"10",28415,2038,2557.35,"RCP85","Rep1"
"11",296423,2038,26678.07,"RCP85","Rep1"
"12",278649,2038,25078.41,"RCP85","Rep1"
"13",5408,2038,486.72,"RCP85","Rep1"
"0",5434718,2039,489124.62,"RCP85","Rep1"
"1",1750959,2039,157586.31,"RCP85","Rep1"
"2",155073,2039,13956.57,"RCP85","Rep1"
"3",577350,2039,51961.5,"RCP85","Rep1"
"4",202800,2039,18252,"RCP85","Rep1"
"6",308594,2039,27773.46,"RCP85","Rep1"
"7",67006,2039,6030.54,"RCP85","Rep1"
"8",152529,2039,13727.61,"RCP85","Rep1"
"9",264839,2039,23835.51,"RCP85","Rep1"
"10",27995,2039,2519.55,"RCP85","Rep1"
"11",294672,2039,26520.48,"RCP85","Rep1"
"12",278066,2039,25025.94,"RCP85","Rep1"
"13",5403,2039,486.27,"RCP85","Rep1"
"0",5433389,2040,489005.01,"RCP85","Rep1"
"1",1752712,2040,157744.08,"RCP85","Rep1"
"2",155176,2040,13965.84,"RCP85","Rep1"
"3",577120,2040,51940.8,"RCP85","Rep1"
"4",201602,2040,18144.18,"RCP85","Rep1"
"6",310672,2040,27960.48,"RCP85","Rep1"
"7",67056,2040,6035.04,"RCP85","Rep1"
"8",152505,2040,13725.45,"RCP85","Rep1"
"9",263058,2040,23675.22,"RCP85","Rep1"
"10",27832,2040,2504.88,"RCP85","Rep1"
"11",294440,2040,26499.6,"RCP85","Rep1"
"12",279039,2040,25113.51,"RCP85","Rep1"
"13",5403,2040,486.27,"RCP85","Rep1"
"0",5432090,2041,488888.1,"RCP85","Rep1"
"1",1755885,2041,158029.65,"RCP85","Rep1"
"2",156643,2041,14097.87,"RCP85","Rep1"
"3",577302,2041,51957.18,"RCP85","Rep1"
"4",200667,2041,18060.03,"RCP85","Rep1"
"6",312503,2041,28125.27,"RCP85","Rep1"
"7",67078,2041,6037.02,"RCP85","Rep1"
"8",152469,2041,13722.21,"RCP85","Rep1"
"9",259255,2041,23332.95,"RCP85","Rep1"
"10",27727,2041,2495.43,"RCP85","Rep1"
"11",292959,2041,26366.31,"RCP85","Rep1"
"12",280021,2041,25201.89,"RCP85","Rep1"
"13",5405,2041,486.45,"RCP85","Rep1"
"0",5430751,2042,488767.59,"RCP85","Rep1"
"1",1759512,2042,158356.08,"RCP85","Rep1"
"2",158736,2042,14286.24,"RCP85","Rep1"
"3",577452,2042,51970.68,"RCP85","Rep1"
"4",199945,2042,17995.05,"RCP85","Rep1"
"6",314263,2042,28283.67,"RCP85","Rep1"
"7",67129,2042,6041.61,"RCP85","Rep1"
"8",152444,2042,13719.96,"RCP85","Rep1"
"9",253470,2042,22812.3,"RCP85","Rep1"
"10",27622,2042,2485.98,"RCP85","Rep1"
"11",292044,2042,26283.96,"RCP85","Rep1"
"12",281231,2042,25310.79,"RCP85","Rep1"
"13",5405,2042,486.45,"RCP85","Rep1"
"0",5429595,2043,488663.55,"RCP85","Rep1"
"1",1761307,2043,158517.63,"RCP85","Rep1"
"2",158746,2043,14287.14,"RCP85","Rep1"
"3",578507,2043,52065.63,"RCP85","Rep1"
"4",198600,2043,17874,"RCP85","Rep1"
"6",315176,2043,28365.84,"RCP85","Rep1"
"7",67157,2043,6044.13,"RCP85","Rep1"
"8",152439,2043,13719.51,"RCP85","Rep1"
"9",252516,2043,22726.44,"RCP85","Rep1"
"10",27522,2043,2476.98,"RCP85","Rep1"
"11",291569,2043,26241.21,"RCP85","Rep1"
"12",281464,2043,25331.76,"RCP85","Rep1"
"13",5406,2043,486.54,"RCP85","Rep1"
"0",5437344,2044,489360.96,"RCP85","Rep1"
"1",1759451,2044,158350.59,"RCP85","Rep1"
"2",158826,2044,14294.34,"RCP85","Rep1"
"3",583795,2044,52541.55,"RCP85","Rep1"
"4",191171,2044,17205.39,"RCP85","Rep1"
"6",317046,2044,28534.14,"RCP85","Rep1"
"7",67411,2044,6066.99,"RCP85","Rep1"
"8",152294,2044,13706.46,"RCP85","Rep1"
"9",249554,2044,22459.86,"RCP85","Rep1"
"10",27145,2044,2443.05,"RCP85","Rep1"
"11",289937,2044,26094.33,"RCP85","Rep1"
"12",280670,2044,25260.3,"RCP85","Rep1"
"13",5360,2044,482.4,"RCP85","Rep1"
"0",5435947,2045,489235.23,"RCP85","Rep1"
"1",1763116,2045,158680.44,"RCP85","Rep1"
"2",158668,2045,14280.12,"RCP85","Rep1"
"3",592500,2045,53325,"RCP85","Rep1"
"4",187836,2045,16905.24,"RCP85","Rep1"
"6",317694,2045,28592.46,"RCP85","Rep1"
"7",67447,2045,6070.23,"RCP85","Rep1"
"8",152276,2045,13704.84,"RCP85","Rep1"
"9",243415,2045,21907.35,"RCP85","Rep1"
"10",27077,2045,2436.93,"RCP85","Rep1"
"11",287670,2045,25890.3,"RCP85","Rep1"
"12",280998,2045,25289.82,"RCP85","Rep1"
"13",5360,2045,482.4,"RCP85","Rep1"
"0",5434607,2046,489114.63,"RCP85","Rep1"
"1",1769732,2046,159275.88,"RCP85","Rep1"
"2",158112,2046,14230.08,"RCP85","Rep1"
"3",593535,2046,53418.15,"RCP85","Rep1"
"4",185985,2046,16738.65,"RCP85","Rep1"
"6",319093,2046,28718.37,"RCP85","Rep1"
"7",67484,2046,6073.56,"RCP85","Rep1"
"8",152289,2046,13706.01,"RCP85","Rep1"
"9",242986,2046,21868.74,"RCP85","Rep1"
"10",26965,2046,2426.85,"RCP85","Rep1"
"11",282654,2046,25438.86,"RCP85","Rep1"
"12",281202,2046,25308.18,"RCP85","Rep1"
"13",5360,2046,482.4,"RCP85","Rep1"
"0",5433291,2047,488996.19,"RCP85","Rep1"
"1",1770982,2047,159388.38,"RCP85","Rep1"
"2",157547,2047,14179.23,"RCP85","Rep1"
"3",599173,2047,53925.57,"RCP85","Rep1"
"4",178761,2047,16088.49,"RCP85","Rep1"
"6",321291,2047,28916.19,"RCP85","Rep1"
"7",67529,2047,6077.61,"RCP85","Rep1"
"8",153226,2047,13790.34,"RCP85","Rep1"
"9",242773,2047,21849.57,"RCP85","Rep1"
"10",26862,2047,2417.58,"RCP85","Rep1"
"11",281716,2047,25354.44,"RCP85","Rep1"
"12",281492,2047,25334.28,"RCP85","Rep1"
"13",5361,2047,482.49,"RCP85","Rep1"
"0",5432033,2048,488882.97,"RCP85","Rep1"
"1",1772532,2048,159527.88,"RCP85","Rep1"
"2",157488,2048,14173.92,"RCP85","Rep1"
"3",599452,2048,53950.68,"RCP85","Rep1"
"4",177307,2048,15957.63,"RCP85","Rep1"
"6",323193,2048,29087.37,"RCP85","Rep1"
"7",67587,2048,6082.83,"RCP85","Rep1"
"8",156088,2048,14047.92,"RCP85","Rep1"
"9",241911,2048,21771.99,"RCP85","Rep1"
"10",26768,2048,2409.12,"RCP85","Rep1"
"11",278595,2048,25073.55,"RCP85","Rep1"
"12",281688,2048,25351.92,"RCP85","Rep1"
"13",5362,2048,482.58,"RCP85","Rep1"
"0",5440909,2049,489681.81,"RCP85","Rep1"
"1",1769904,2049,159291.36,"RCP85","Rep1"
"2",158669,2049,14280.21,"RCP85","Rep1"
"3",598800,2049,53892,"RCP85","Rep1"
"4",174750,2049,15727.5,"RCP85","Rep1"
"6",325643,2049,29307.87,"RCP85","Rep1"
"7",67942,2049,6114.78,"RCP85","Rep1"
"8",155863,2049,14027.67,"RCP85","Rep1"
"9",238710,2049,21483.9,"RCP85","Rep1"
"10",26411,2049,2376.99,"RCP85","Rep1"
"11",276243,2049,24861.87,"RCP85","Rep1"
"12",280814,2049,25273.26,"RCP85","Rep1"
"13",5346,2049,481.14,"RCP85","Rep1"
"0",5439308,2050,489537.72,"RCP85","Rep1"
"1",1772438,2050,159519.42,"RCP85","Rep1"
"2",158690,2050,14282.1,"RCP85","Rep1"
"3",599379,2050,53944.11,"RCP85","Rep1"
"4",174578,2050,15712.02,"RCP85","Rep1"
"6",329280,2050,29635.2,"RCP85","Rep1"
"7",67993,2050,6119.37,"RCP85","Rep1"
"8",155843,2050,14025.87,"RCP85","Rep1"
"9",235346,2050,21181.14,"RCP85","Rep1"
"10",26302,2050,2367.18,"RCP85","Rep1"
"11",273757,2050,24638.13,"RCP85","Rep1"
"12",281742,2050,25356.78,"RCP85","Rep1"
"13",5348,2050,481.32,"RCP85","Rep1"
"0",5437854,2051,489406.86,"RCP85","Rep1"
"1",1774911,2051,159741.99,"RCP85","Rep1"
"2",158654,2051,14278.86,"RCP85","Rep1"
"3",599646,2051,53968.14,"RCP85","Rep1"
"4",174097,2051,15668.73,"RCP85","Rep1"
"6",331293,2051,29816.37,"RCP85","Rep1"
"7",68023,2051,6122.07,"RCP85","Rep1"
"8",155812,2051,14023.08,"RCP85","Rep1"
"9",234979,2051,21148.11,"RCP85","Rep1"
"10",26232,2051,2360.88,"RCP85","Rep1"
"11",270929,2051,24383.61,"RCP85","Rep1"
"12",282226,2051,25400.34,"RCP85","Rep1"
"13",5348,2051,481.32,"RCP85","Rep1"
"0",5436418,2052,489277.62,"RCP85","Rep1"
"1",1777145,2052,159943.05,"RCP85","Rep1"
"2",158706,2052,14283.54,"RCP85","Rep1"
"3",600699,2052,54062.91,"RCP85","Rep1"
"4",173069,2052,15576.21,"RCP85","Rep1"
"6",333692,2052,30032.28,"RCP85","Rep1"
"7",68080,2052,6127.2,"RCP85","Rep1"
"8",155797,2052,14021.73,"RCP85","Rep1"
"9",233709,2052,21033.81,"RCP85","Rep1"
"10",26136,2052,2352.24,"RCP85","Rep1"
"11",268383,2052,24154.47,"RCP85","Rep1"
"12",282820,2052,25453.8,"RCP85","Rep1"
"13",5350,2052,481.5,"RCP85","Rep1"
"0",5434962,2053,489146.58,"RCP85","Rep1"
"1",1779115,2053,160120.35,"RCP85","Rep1"
"2",158701,2053,14283.09,"RCP85","Rep1"
"3",602976,2053,54267.84,"RCP85","Rep1"
"4",171670,2053,15450.3,"RCP85","Rep1"
"6",336844,2053,30315.96,"RCP85","Rep1"
"7",68126,2053,6131.34,"RCP85","Rep1"
"8",155610,2053,14004.9,"RCP85","Rep1"
"9",231795,2053,20861.55,"RCP85","Rep1"
"10",26040,2053,2343.6,"RCP85","Rep1"
"11",265803,2053,23922.27,"RCP85","Rep1"
"12",283014,2053,25471.26,"RCP85","Rep1"
"13",5348,2053,481.32,"RCP85","Rep1"
"0",5440988,2054,489688.92,"RCP85","Rep1"
"1",1777842,2054,160005.78,"RCP85","Rep1"
"2",159166,2054,14324.94,"RCP85","Rep1"
"3",602590,2054,54233.1,"RCP85","Rep1"
"4",171183,2054,15406.47,"RCP85","Rep1"
"6",338864,2054,30497.76,"RCP85","Rep1"
"7",68399,2054,6155.91,"RCP85","Rep1"
"8",155485,2054,13993.65,"RCP85","Rep1"
"9",229025,2054,20612.25,"RCP85","Rep1"
"10",25747,2054,2317.23,"RCP85","Rep1"
"11",263001,2054,23670.09,"RCP85","Rep1"
"12",282391,2054,25415.19,"RCP85","Rep1"
"13",5323,2054,479.07,"RCP85","Rep1"
"0",5439439,2055,489549.51,"RCP85","Rep1"
"1",1780307,2055,160227.63,"RCP85","Rep1"
"2",159200,2055,14328,"RCP85","Rep1"
"3",603814,2055,54343.26,"RCP85","Rep1"
"4",170548,2055,15349.32,"RCP85","Rep1"
"6",341072,2055,30696.48,"RCP85","Rep1"
"7",68446,2055,6160.14,"RCP85","Rep1"
"8",155525,2055,13997.25,"RCP85","Rep1"
"9",226723,2055,20405.07,"RCP85","Rep1"
"10",25647,2055,2308.23,"RCP85","Rep1"
"11",261292,2055,23516.28,"RCP85","Rep1"
"12",282668,2055,25440.12,"RCP85","Rep1"
"13",5323,2055,479.07,"RCP85","Rep1"
"0",5437896,2056,489410.64,"RCP85","Rep1"
"1",1784114,2056,160570.26,"RCP85","Rep1"
"2",159301,2056,14337.09,"RCP85","Rep1"
"3",604726,2056,54425.34,"RCP85","Rep1"
"4",167792,2056,15101.28,"RCP85","Rep1"
"6",344656,2056,31019.04,"RCP85","Rep1"
"7",68507,2056,6165.63,"RCP85","Rep1"
"8",155532,2056,13997.88,"RCP85","Rep1"
"9",225137,2056,20262.33,"RCP85","Rep1"
"10",25564,2056,2300.76,"RCP85","Rep1"
"11",258535,2056,23268.15,"RCP85","Rep1"
"12",282921,2056,25462.89,"RCP85","Rep1"
"13",5323,2056,479.07,"RCP85","Rep1"
"0",5436447,2057,489280.23,"RCP85","Rep1"
"1",1785668,2057,160710.12,"RCP85","Rep1"
"2",159442,2057,14349.78,"RCP85","Rep1"
"3",604648,2057,54418.32,"RCP85","Rep1"
"4",166397,2057,14975.73,"RCP85","Rep1"
"6",356734,2057,32106.06,"RCP85","Rep1"
"7",68560,2057,6170.4,"RCP85","Rep1"
"8",155533,2057,13997.97,"RCP85","Rep1"
"9",214496,2057,19304.64,"RCP85","Rep1"
"10",25455,2057,2290.95,"RCP85","Rep1"
"11",258099,2057,23228.91,"RCP85","Rep1"
"12",283203,2057,25488.27,"RCP85","Rep1"
"13",5322,2057,478.98,"RCP85","Rep1"
"0",5435086,2058,489157.74,"RCP85","Rep1"
"1",1788536,2058,160968.24,"RCP85","Rep1"
"2",159547,2058,14359.23,"RCP85","Rep1"
"3",603851,2058,54346.59,"RCP85","Rep1"
"4",165532,2058,14897.88,"RCP85","Rep1"
"6",361771,2058,32559.39,"RCP85","Rep1"
"7",68626,2058,6176.34,"RCP85","Rep1"
"8",155534,2058,13998.06,"RCP85","Rep1"
"9",211294,2058,19016.46,"RCP85","Rep1"
"10",25393,2058,2285.37,"RCP85","Rep1"
"11",256086,2058,23047.74,"RCP85","Rep1"
"12",283426,2058,25508.34,"RCP85","Rep1"
"13",5322,2058,478.98,"RCP85","Rep1"
"0",5441669,2059,489750.21,"RCP85","Rep1"
"1",1790821,2059,161173.89,"RCP85","Rep1"
"2",160026,2059,14402.34,"RCP85","Rep1"
"3",600852,2059,54076.68,"RCP85","Rep1"
"4",166029,2059,14942.61,"RCP85","Rep1"
"6",363103,2059,32679.27,"RCP85","Rep1"
"7",68963,2059,6206.67,"RCP85","Rep1"
"8",155460,2059,13991.4,"RCP85","Rep1"
"9",209744,2059,18876.96,"RCP85","Rep1"
"10",25080,2059,2257.2,"RCP85","Rep1"
"11",250091,2059,22508.19,"RCP85","Rep1"
"12",282842,2059,25455.78,"RCP85","Rep1"
"13",5324,2059,479.16,"RCP85","Rep1"
"0",5440088,2060,489607.92,"RCP85","Rep1"
"1",1797829,2060,161804.61,"RCP85","Rep1"
"2",160115,2060,14410.35,"RCP85","Rep1"
"3",599945,2060,53995.05,"RCP85","Rep1"
"4",169767,2060,15279.03,"RCP85","Rep1"
"6",365086,2060,32857.74,"RCP85","Rep1"
"7",69051,2060,6214.59,"RCP85","Rep1"
"8",155433,2060,13988.97,"RCP85","Rep1"
"9",207054,2060,18634.86,"RCP85","Rep1"
"10",24982,2060,2248.38,"RCP85","Rep1"
"11",242304,2060,21807.36,"RCP85","Rep1"
"12",283025,2060,25472.25,"RCP85","Rep1"
"13",5325,2060,479.25,"RCP85","Rep1"
"0",5438617,2061,489475.53,"RCP85","Rep1"
"1",1799671,2061,161970.39,"RCP85","Rep1"
"2",160108,2061,14409.72,"RCP85","Rep1"
"3",599226,2061,53930.34,"RCP85","Rep1"
"4",169575,2061,15261.75,"RCP85","Rep1"
"6",366965,2061,33026.85,"RCP85","Rep1"
"7",69114,2061,6220.26,"RCP85","Rep1"
"8",155445,2061,13990.05,"RCP85","Rep1"
"9",205703,2061,18513.27,"RCP85","Rep1"
"10",24840,2061,2235.6,"RCP85","Rep1"
"11",242191,2061,21797.19,"RCP85","Rep1"
"12",283224,2061,25490.16,"RCP85","Rep1"
"13",5325,2061,479.25,"RCP85","Rep1"
"0",5437195,2062,489347.55,"RCP85","Rep1"
"1",1801769,2062,162159.21,"RCP85","Rep1"
"2",160195,2062,14417.55,"RCP85","Rep1"
"3",598169,2062,53835.21,"RCP85","Rep1"
"4",168568,2062,15171.12,"RCP85","Rep1"
"6",369617,2062,33265.53,"RCP85","Rep1"
"7",69154,2062,6223.86,"RCP85","Rep1"
"8",155433,2062,13988.97,"RCP85","Rep1"
"9",204667,2062,18420.03,"RCP85","Rep1"
"10",24681,2062,2221.29,"RCP85","Rep1"
"11",241901,2062,21771.09,"RCP85","Rep1"
"12",283330,2062,25499.7,"RCP85","Rep1"
"13",5325,2062,479.25,"RCP85","Rep1"
"0",5435805,2063,489222.45,"RCP85","Rep1"
"1",1804386,2063,162394.74,"RCP85","Rep1"
"2",160311,2063,14427.99,"RCP85","Rep1"
"3",597086,2063,53737.74,"RCP85","Rep1"
"4",167110,2063,15039.9,"RCP85","Rep1"
"6",372203,2063,33498.27,"RCP85","Rep1"
"7",69200,2063,6228,"RCP85","Rep1"
"8",155436,2063,13989.24,"RCP85","Rep1"
"9",204631,2063,18416.79,"RCP85","Rep1"
"10",24478,2063,2203.02,"RCP85","Rep1"
"11",241031,2063,21692.79,"RCP85","Rep1"
"12",283000,2063,25470,"RCP85","Rep1"
"13",5327,2063,479.43,"RCP85","Rep1"
"0",5444294,2064,489986.46,"RCP85","Rep1"
"1",1804796,2064,162431.64,"RCP85","Rep1"
"2",160960,2064,14486.4,"RCP85","Rep1"
"3",596057,2064,53645.13,"RCP85","Rep1"
"4",166554,2064,14989.86,"RCP85","Rep1"
"6",373097,2064,33578.73,"RCP85","Rep1"
"7",69548,2064,6259.32,"RCP85","Rep1"
"8",155351,2064,13981.59,"RCP85","Rep1"
"9",204123,2064,18371.07,"RCP85","Rep1"
"10",23853,2064,2146.77,"RCP85","Rep1"
"11",236497,2064,21284.73,"RCP85","Rep1"
"12",279652,2064,25168.68,"RCP85","Rep1"
"13",5222,2064,469.98,"RCP85","Rep1"
"0",5442717,2065,489844.53,"RCP85","Rep1"
"1",1811002,2065,162990.18,"RCP85","Rep1"
"2",161645,2065,14548.05,"RCP85","Rep1"
"3",595268,2065,53574.12,"RCP85","Rep1"
"4",162259,2065,14603.31,"RCP85","Rep1"
"6",378250,2065,34042.5,"RCP85","Rep1"
"7",69670,2065,6270.3,"RCP85","Rep1"
"8",155333,2065,13979.97,"RCP85","Rep1"
"9",203917,2065,18352.53,"RCP85","Rep1"
"10",23471,2065,2112.39,"RCP85","Rep1"
"11",234676,2065,21120.84,"RCP85","Rep1"
"12",276574,2065,24891.66,"RCP85","Rep1"
"13",5222,2065,469.98,"RCP85","Rep1"
"0",5441389,2066,489725.01,"RCP85","Rep1"
"1",1817628,2066,163586.52,"RCP85","Rep1"
"2",161781,2066,14560.29,"RCP85","Rep1"
"3",595974,2066,53637.66,"RCP85","Rep1"
"4",159458,2066,14351.22,"RCP85","Rep1"
"6",381675,2066,34350.75,"RCP85","Rep1"
"7",71472,2066,6432.48,"RCP85","Rep1"
"8",155339,2066,13980.51,"RCP85","Rep1"
"9",202657,2066,18239.13,"RCP85","Rep1"
"10",23064,2066,2075.76,"RCP85","Rep1"
"11",232747,2066,20947.23,"RCP85","Rep1"
"12",271598,2066,24443.82,"RCP85","Rep1"
"13",5222,2066,469.98,"RCP85","Rep1"
"0",5440091,2067,489608.19,"RCP85","Rep1"
"1",1821730,2067,163955.7,"RCP85","Rep1"
"2",161911,2067,14571.99,"RCP85","Rep1"
"3",595456,2067,53591.04,"RCP85","Rep1"
"4",157889,2067,14210.01,"RCP85","Rep1"
"6",384984,2067,34648.56,"RCP85","Rep1"
"7",103732,2067,9335.88,"RCP85","Rep1"
"8",155374,2067,13983.66,"RCP85","Rep1"
"9",202692,2067,18242.28,"RCP85","Rep1"
"10",22651,2067,2038.59,"RCP85","Rep1"
"11",198798,2067,17891.82,"RCP85","Rep1"
"12",269474,2067,24252.66,"RCP85","Rep1"
"13",5222,2067,469.98,"RCP85","Rep1"
"0",5438683,2068,489481.47,"RCP85","Rep1"
"1",1823742,2068,164136.78,"RCP85","Rep1"
"2",162068,2068,14586.12,"RCP85","Rep1"
"3",594807,2068,53532.63,"RCP85","Rep1"
"4",156417,2068,14077.53,"RCP85","Rep1"
"6",388368,2068,34953.12,"RCP85","Rep1"
"7",129973,2068,11697.57,"RCP85","Rep1"
"8",155430,2068,13988.7,"RCP85","Rep1"
"9",203051,2068,18274.59,"RCP85","Rep1"
"10",22127,2068,1991.43,"RCP85","Rep1"
"11",171346,2068,15421.14,"RCP85","Rep1"
"12",268770,2068,24189.3,"RCP85","Rep1"
"13",5222,2068,469.98,"RCP85","Rep1"
"0",5448253,2069,490342.77,"RCP85","Rep1"
"1",1820723,2069,163865.07,"RCP85","Rep1"
"2",162852,2069,14656.68,"RCP85","Rep1"
"3",591391,2069,53225.19,"RCP85","Rep1"
"4",156302,2069,14067.18,"RCP85","Rep1"
"6",389654,2069,35068.86,"RCP85","Rep1"
"7",130094,2069,11708.46,"RCP85","Rep1"
"8",155091,2069,13958.19,"RCP85","Rep1"
"9",200828,2069,18074.52,"RCP85","Rep1"
"10",21323,2069,1919.07,"RCP85","Rep1"
"11",170787,2069,15370.83,"RCP85","Rep1"
"12",267485,2069,24073.65,"RCP85","Rep1"
"13",5221,2069,469.89,"RCP85","Rep1"
"0",5446777,2070,490209.93,"RCP85","Rep1"
"1",1821986,2070,163978.74,"RCP85","Rep1"
"2",162939,2070,14664.51,"RCP85","Rep1"
"3",590844,2070,53175.96,"RCP85","Rep1"
"4",155616,2070,14005.44,"RCP85","Rep1"
"6",392969,2070,35367.21,"RCP85","Rep1"
"7",130223,2070,11720.07,"RCP85","Rep1"
"8",155112,2070,13960.08,"RCP85","Rep1"
"9",200771,2070,18069.39,"RCP85","Rep1"
"10",20690,2070,1862.1,"RCP85","Rep1"
"11",169303,2070,15237.27,"RCP85","Rep1"
"12",267554,2070,24079.86,"RCP85","Rep1"
"13",5220,2070,469.8,"RCP85","Rep1"
"0",5445168,2071,490065.12,"RCP85","Rep1"
"1",1823254,2071,164092.86,"RCP85","Rep1"
"2",163045,2071,14674.05,"RCP85","Rep1"
"3",590653,2071,53158.77,"RCP85","Rep1"
"4",155065,2071,13955.85,"RCP85","Rep1"
"6",394831,2071,35534.79,"RCP85","Rep1"
"7",130302,2071,11727.18,"RCP85","Rep1"
"8",155117,2071,13960.53,"RCP85","Rep1"
"9",201290,2071,18116.1,"RCP85","Rep1"
"10",19848,2071,1786.32,"RCP85","Rep1"
"11",168478,2071,15163.02,"RCP85","Rep1"
"12",267732,2071,24095.88,"RCP85","Rep1"
"13",5221,2071,469.89,"RCP85","Rep1"
"0",5443595,2072,489923.55,"RCP85","Rep1"
"1",1824728,2072,164225.52,"RCP85","Rep1"
"2",163212,2072,14689.08,"RCP85","Rep1"
"3",589713,2072,53074.17,"RCP85","Rep1"
"4",154573,2072,13911.57,"RCP85","Rep1"
"6",396636,2072,35697.24,"RCP85","Rep1"
"7",130389,2072,11735.01,"RCP85","Rep1"
"8",155126,2072,13961.34,"RCP85","Rep1"
"9",201748,2072,18157.32,"RCP85","Rep1"
"10",18923,2072,1703.07,"RCP85","Rep1"
"11",168344,2072,15150.96,"RCP85","Rep1"
"12",267797,2072,24101.73,"RCP85","Rep1"
"13",5220,2072,469.8,"RCP85","Rep1"
"0",5442250,2073,489802.5,"RCP85","Rep1"
"1",1826340,2073,164370.6,"RCP85","Rep1"
"2",163374,2073,14703.66,"RCP85","Rep1"
"3",589689,2073,53072.01,"RCP85","Rep1"
"4",154015,2073,13861.35,"RCP85","Rep1"
"6",398127,2073,35831.43,"RCP85","Rep1"
"7",130532,2073,11747.88,"RCP85","Rep1"
"8",155106,2073,13959.54,"RCP85","Rep1"
"9",202045,2073,18184.05,"RCP85","Rep1"
"10",17949,2073,1615.41,"RCP85","Rep1"
"11",167558,2073,15080.22,"RCP85","Rep1"
"12",267799,2073,24101.91,"RCP85","Rep1"
"13",5220,2073,469.8,"RCP85","Rep1"
"0",5449743,2074,490476.87,"RCP85","Rep1"
"1",1825252,2074,164272.68,"RCP85","Rep1"
"2",164413,2074,14797.17,"RCP85","Rep1"
"3",588835,2074,52995.15,"RCP85","Rep1"
"4",154220,2074,13879.8,"RCP85","Rep1"
"6",397855,2074,35806.95,"RCP85","Rep1"
"7",130794,2074,11771.46,"RCP85","Rep1"
"8",154866,2074,13937.94,"RCP85","Rep1"
"9",201594,2074,18143.46,"RCP85","Rep1"
"10",16699,2074,1502.91,"RCP85","Rep1"
"11",164102,2074,14769.18,"RCP85","Rep1"
"12",266423,2074,23978.07,"RCP85","Rep1"
"13",5208,2074,468.72,"RCP85","Rep1"
"0",5448287,2075,490345.83,"RCP85","Rep1"
"1",1827116,2075,164440.44,"RCP85","Rep1"
"2",164277,2075,14784.93,"RCP85","Rep1"
"3",588515,2075,52966.35,"RCP85","Rep1"
"4",153389,2075,13805.01,"RCP85","Rep1"
"6",400962,2075,36086.58,"RCP85","Rep1"
"7",131198,2075,11807.82,"RCP85","Rep1"
"8",184401,2075,16596.09,"RCP85","Rep1"
"9",172356,2075,15512.04,"RCP85","Rep1"
"10",15695,2075,1412.55,"RCP85","Rep1"
"11",161959,2075,14576.31,"RCP85","Rep1"
"12",266641,2075,23997.69,"RCP85","Rep1"
"13",5208,2075,468.72,"RCP85","Rep1"
"0",5446703,2076,490203.27,"RCP85","Rep1"
"1",1829352,2076,164641.68,"RCP85","Rep1"
"2",164430,2076,14798.7,"RCP85","Rep1"
"3",587767,2076,52899.03,"RCP85","Rep1"
"4",152355,2076,13711.95,"RCP85","Rep1"
"6",403080,2076,36277.2,"RCP85","Rep1"
"7",131327,2076,11819.43,"RCP85","Rep1"
"8",184332,2076,16589.88,"RCP85","Rep1"
"9",173045,2076,15574.05,"RCP85","Rep1"
"10",14640,2076,1317.6,"RCP85","Rep1"
"11",161335,2076,14520.15,"RCP85","Rep1"
"12",266430,2076,23978.7,"RCP85","Rep1"
"13",5208,2076,468.72,"RCP85","Rep1"
"0",5445041,2077,490053.69,"RCP85","Rep1"
"1",1831206,2077,164808.54,"RCP85","Rep1"
"2",164651,2077,14818.59,"RCP85","Rep1"
"3",588843,2077,52995.87,"RCP85","Rep1"
"4",150811,2077,13572.99,"RCP85","Rep1"
"6",405636,2077,36507.24,"RCP85","Rep1"
"7",131407,2077,11826.63,"RCP85","Rep1"
"8",184275,2077,16584.75,"RCP85","Rep1"
"9",174216,2077,15679.44,"RCP85","Rep1"
"10",13510,2077,1215.9,"RCP85","Rep1"
"11",158653,2077,14278.77,"RCP85","Rep1"
"12",266547,2077,23989.23,"RCP85","Rep1"
"13",5208,2077,468.72,"RCP85","Rep1"
"0",5443616,2078,489925.44,"RCP85","Rep1"
"1",1833886,2078,165049.74,"RCP85","Rep1"
"2",164937,2078,14844.33,"RCP85","Rep1"
"3",588046,2078,52924.14,"RCP85","Rep1"
"4",149047,2078,13414.23,"RCP85","Rep1"
"6",407653,2078,36688.77,"RCP85","Rep1"
"7",131513,2078,11836.17,"RCP85","Rep1"
"8",184214,2078,16579.26,"RCP85","Rep1"
"9",175430,2078,15788.7,"RCP85","Rep1"
"10",12383,2078,1114.47,"RCP85","Rep1"
"11",157335,2078,14160.15,"RCP85","Rep1"
"12",266736,2078,24006.24,"RCP85","Rep1"
"13",5208,2078,468.72,"RCP85","Rep1"
"0",5449281,2079,490435.29,"RCP85","Rep1"
"1",1833793,2079,165041.37,"RCP85","Rep1"
"2",166336,2079,14970.24,"RCP85","Rep1"
"3",585357,2079,52682.13,"RCP85","Rep1"
"4",147680,2079,13291.2,"RCP85","Rep1"
"6",411306,2079,37017.54,"RCP85","Rep1"
"7",131663,2079,11849.67,"RCP85","Rep1"
"8",183797,2079,16541.73,"RCP85","Rep1"
"9",176987,2079,15928.83,"RCP85","Rep1"
"10",11304,2079,1017.36,"RCP85","Rep1"
"11",151556,2079,13640.04,"RCP85","Rep1"
"12",265766,2079,23918.94,"RCP85","Rep1"
"13",5178,2079,466.02,"RCP85","Rep1"
"0",5449673,2080,490470.57,"RCP85","Rep1"
"1",1836085,2080,165247.65,"RCP85","Rep1"
"2",166131,2080,14951.79,"RCP85","Rep1"
"3",590065,2080,53105.85,"RCP85","Rep1"
"4",143059,2080,12875.31,"RCP85","Rep1"
"6",409101,2080,36819.09,"RCP85","Rep1"
"7",132359,2080,11912.31,"RCP85","Rep1"
"8",183740,2080,16536.6,"RCP85","Rep1"
"9",179615,2080,16165.35,"RCP85","Rep1"
"10",10396,2080,935.64,"RCP85","Rep1"
"11",149398,2080,13445.82,"RCP85","Rep1"
"12",265204,2080,23868.36,"RCP85","Rep1"
"13",5178,2080,466.02,"RCP85","Rep1"
"0",5448155,2081,490333.95,"RCP85","Rep1"
"1",1840490,2081,165644.1,"RCP85","Rep1"
"2",165851,2081,14926.59,"RCP85","Rep1"
"3",592052,2081,53284.68,"RCP85","Rep1"
"4",141040,2081,12693.6,"RCP85","Rep1"
"6",411036,2081,36993.24,"RCP85","Rep1"
"7",133012,2081,11971.08,"RCP85","Rep1"
"8",183666,2081,16529.94,"RCP85","Rep1"
"9",181358,2081,16322.22,"RCP85","Rep1"
"10",9530,2081,857.7,"RCP85","Rep1"
"11",145866,2081,13127.94,"RCP85","Rep1"
"12",262770,2081,23649.3,"RCP85","Rep1"
"13",5178,2081,466.02,"RCP85","Rep1"
"0",5446726,2082,490205.34,"RCP85","Rep1"
"1",1848171,2082,166335.39,"RCP85","Rep1"
"2",166653,2082,14998.77,"RCP85","Rep1"
"3",593108,2082,53379.72,"RCP85","Rep1"
"4",140072,2082,12606.48,"RCP85","Rep1"
"6",412986,2082,37168.74,"RCP85","Rep1"
"7",133110,2082,11979.9,"RCP85","Rep1"
"8",183619,2082,16525.71,"RCP85","Rep1"
"9",181613,2082,16345.17,"RCP85","Rep1"
"10",8822,2082,793.98,"RCP85","Rep1"
"11",141382,2082,12724.38,"RCP85","Rep1"
"12",258564,2082,23270.76,"RCP85","Rep1"
"13",5178,2082,466.02,"RCP85","Rep1"
"0",5445325,2083,490079.25,"RCP85","Rep1"
"1",1851565,2083,166640.85,"RCP85","Rep1"
"2",166944,2083,15024.96,"RCP85","Rep1"
"3",593219,2083,53389.71,"RCP85","Rep1"
"4",139701,2083,12573.09,"RCP85","Rep1"
"6",414535,2083,37308.15,"RCP85","Rep1"
"7",133245,2083,11992.05,"RCP85","Rep1"
"8",183568,2083,16521.12,"RCP85","Rep1"
"9",180597,2083,16253.73,"RCP85","Rep1"
"10",8194,2083,737.46,"RCP85","Rep1"
"11",140068,2083,12606.12,"RCP85","Rep1"
"12",257867,2083,23208.03,"RCP85","Rep1"
"13",5176,2083,465.84,"RCP85","Rep1"
"0",5454777,2084,490929.93,"RCP85","Rep1"
"1",1852621,2084,166735.89,"RCP85","Rep1"
"2",167906,2084,15111.54,"RCP85","Rep1"
"3",588961,2084,53006.49,"RCP85","Rep1"
"4",140587,2084,12652.83,"RCP85","Rep1"
"6",414403,2084,37296.27,"RCP85","Rep1"
"7",133694,2084,12032.46,"RCP85","Rep1"
"8",182646,2084,16438.14,"RCP85","Rep1"
"9",180177,2084,16215.93,"RCP85","Rep1"
"10",7557,2084,680.13,"RCP85","Rep1"
"11",134802,2084,12132.18,"RCP85","Rep1"
"12",256705,2084,23103.45,"RCP85","Rep1"
"13",5168,2084,465.12,"RCP85","Rep1"
"0",5453647,2085,490828.23,"RCP85","Rep1"
"1",1856045,2085,167044.05,"RCP85","Rep1"
"2",167848,2085,15106.32,"RCP85","Rep1"
"3",588171,2085,52935.39,"RCP85","Rep1"
"4",140257,2085,12623.13,"RCP85","Rep1"
"6",415417,2085,37387.53,"RCP85","Rep1"
"7",133937,2085,12054.33,"RCP85","Rep1"
"8",182604,2085,16434.36,"RCP85","Rep1"
"9",179886,2085,16189.74,"RCP85","Rep1"
"10",7039,2085,633.51,"RCP85","Rep1"
"11",133487,2085,12013.83,"RCP85","Rep1"
"12",256498,2085,23084.82,"RCP85","Rep1"
"13",5168,2085,465.12,"RCP85","Rep1"
"0",5452237,2086,490701.33,"RCP85","Rep1"
"1",1858438,2086,167259.42,"RCP85","Rep1"
"2",168182,2086,15136.38,"RCP85","Rep1"
"3",586753,2086,52807.77,"RCP85","Rep1"
"4",140880,2086,12679.2,"RCP85","Rep1"
"6",416374,2086,37473.66,"RCP85","Rep1"
"7",134121,2086,12070.89,"RCP85","Rep1"
"8",182534,2086,16428.06,"RCP85","Rep1"
"9",179093,2086,16118.37,"RCP85","Rep1"
"10",6500,2086,585,"RCP85","Rep1"
"11",133195,2086,11987.55,"RCP85","Rep1"
"12",256531,2086,23087.79,"RCP85","Rep1"
"13",5166,2086,464.94,"RCP85","Rep1"
"0",5450852,2087,490576.68,"RCP85","Rep1"
"1",1860409,2087,167436.81,"RCP85","Rep1"
"2",168746,2087,15187.14,"RCP85","Rep1"
"3",584963,2087,52646.67,"RCP85","Rep1"
"4",140594,2087,12653.46,"RCP85","Rep1"
"6",417601,2087,37584.09,"RCP85","Rep1"
"7",134243,2087,12081.87,"RCP85","Rep1"
"8",182477,2087,16422.93,"RCP85","Rep1"
"9",178893,2087,16100.37,"RCP85","Rep1"
"10",6123,2087,551.07,"RCP85","Rep1"
"11",133046,2087,11974.14,"RCP85","Rep1"
"12",256892,2087,23120.28,"RCP85","Rep1"
"13",5165,2087,464.85,"RCP85","Rep1"
"0",5449405,2088,490446.45,"RCP85","Rep1"
"1",1864068,2088,167766.12,"RCP85","Rep1"
"2",169559,2088,15260.31,"RCP85","Rep1"
"3",575697,2088,51812.73,"RCP85","Rep1"
"4",140146,2088,12613.14,"RCP85","Rep1"
"6",419673,2088,37770.57,"RCP85","Rep1"
"7",134368,2088,12093.12,"RCP85","Rep1"
"8",182427,2088,16418.43,"RCP85","Rep1"
"9",177905,2088,16011.45,"RCP85","Rep1"
"10",5748,2088,517.32,"RCP85","Rep1"
"11",131999,2088,11879.91,"RCP85","Rep1"
"12",263844,2088,23745.96,"RCP85","Rep1"
"13",5165,2088,464.85,"RCP85","Rep1"
"0",5458619,2089,491275.71,"RCP85","Rep1"
"1",1860920,2089,167482.8,"RCP85","Rep1"
"2",173364,2089,15602.76,"RCP85","Rep1"
"3",567217,2089,51049.53,"RCP85","Rep1"
"4",142624,2089,12836.16,"RCP85","Rep1"
"6",418204,2089,37638.36,"RCP85","Rep1"
"7",134991,2089,12149.19,"RCP85","Rep1"
"8",181262,2089,16313.58,"RCP85","Rep1"
"9",176651,2089,15898.59,"RCP85","Rep1"
"10",5319,2089,478.71,"RCP85","Rep1"
"11",128873,2089,11598.57,"RCP85","Rep1"
"12",266816,2089,24013.44,"RCP85","Rep1"
"13",5144,2089,462.96,"RCP85","Rep1"
"0",5457369,2090,491163.21,"RCP85","Rep1"
"1",1863065,2090,167675.85,"RCP85","Rep1"
"2",173641,2090,15627.69,"RCP85","Rep1"
"3",566052,2090,50944.68,"RCP85","Rep1"
"4",143454,2090,12910.86,"RCP85","Rep1"
"6",418944,2090,37704.96,"RCP85","Rep1"
"7",135201,2090,12168.09,"RCP85","Rep1"
"8",181216,2090,16309.44,"RCP85","Rep1"
"9",175144,2090,15762.96,"RCP85","Rep1"
"10",4985,2090,448.65,"RCP85","Rep1"
"11",128150,2090,11533.5,"RCP85","Rep1"
"12",267641,2090,24087.69,"RCP85","Rep1"
"13",5142,2090,462.78,"RCP85","Rep1"
"0",5455554,2091,490999.86,"RCP85","Rep1"
"1",1865177,2091,167865.93,"RCP85","Rep1"
"2",173891,2091,15650.19,"RCP85","Rep1"
"3",564657,2091,50819.13,"RCP85","Rep1"
"4",143313,2091,12898.17,"RCP85","Rep1"
"6",420384,2091,37834.56,"RCP85","Rep1"
"7",135532,2091,12197.88,"RCP85","Rep1"
"8",181123,2091,16301.07,"RCP85","Rep1"
"9",174760,2091,15728.4,"RCP85","Rep1"
"10",4691,2091,422.19,"RCP85","Rep1"
"11",128076,2091,11526.84,"RCP85","Rep1"
"12",267707,2091,24093.63,"RCP85","Rep1"
"13",5139,2091,462.51,"RCP85","Rep1"
"0",5454225,2092,490880.25,"RCP85","Rep1"
"1",1868074,2092,168126.66,"RCP85","Rep1"
"2",174198,2092,15677.82,"RCP85","Rep1"
"3",563171,2092,50685.39,"RCP85","Rep1"
"4",143305,2092,12897.45,"RCP85","Rep1"
"6",421374,2092,37923.66,"RCP85","Rep1"
"7",135987,2092,12238.83,"RCP85","Rep1"
"8",181073,2092,16296.57,"RCP85","Rep1"
"9",173855,2092,15646.95,"RCP85","Rep1"
"10",4418,2092,397.62,"RCP85","Rep1"
"11",127550,2092,11479.5,"RCP85","Rep1"
"12",267635,2092,24087.15,"RCP85","Rep1"
"13",5139,2092,462.51,"RCP85","Rep1"
"0",5453087,2093,490777.83,"RCP85","Rep1"
"1",1877174,2093,168945.66,"RCP85","Rep1"
"2",176229,2093,15860.61,"RCP85","Rep1"
"3",560166,2093,50414.94,"RCP85","Rep1"
"4",144068,2093,12966.12,"RCP85","Rep1"
"6",422093,2093,37988.37,"RCP85","Rep1"
"7",136508,2093,12285.72,"RCP85","Rep1"
"8",180966,2093,16286.94,"RCP85","Rep1"
"9",172581,2093,15532.29,"RCP85","Rep1"
"10",4138,2093,372.42,"RCP85","Rep1"
"11",126421,2093,11377.89,"RCP85","Rep1"
"12",261435,2093,23529.15,"RCP85","Rep1"
"13",5138,2093,462.42,"RCP85","Rep1"
"0",5462194,2094,491597.46,"RCP85","Rep1"
"1",1875638,2094,168807.42,"RCP85","Rep1"
"2",178936,2094,16104.24,"RCP85","Rep1"
"3",555246,2094,49972.14,"RCP85","Rep1"
"4",144483,2094,13003.47,"RCP85","Rep1"
"6",420922,2094,37882.98,"RCP85","Rep1"
"7",136958,2094,12326.22,"RCP85","Rep1"
"8",179959,2094,16196.31,"RCP85","Rep1"
"9",172576,2094,15531.84,"RCP85","Rep1"
"10",3856,2094,347.04,"RCP85","Rep1"
"11",123914,2094,11152.26,"RCP85","Rep1"
"12",260217,2094,23419.53,"RCP85","Rep1"
"13",5105,2094,459.45,"RCP85","Rep1"
"0",5460947,2095,491485.23,"RCP85","Rep1"
"1",1882021,2095,169381.89,"RCP85","Rep1"
"2",178856,2095,16097.04,"RCP85","Rep1"
"3",551423,2095,49628.07,"RCP85","Rep1"
"4",143756,2095,12938.04,"RCP85","Rep1"
"6",422680,2095,38041.2,"RCP85","Rep1"
"7",138537,2095,12468.33,"RCP85","Rep1"
"8",179949,2095,16195.41,"RCP85","Rep1"
"9",172390,2095,15515.1,"RCP85","Rep1"
"10",3650,2095,328.5,"RCP85","Rep1"
"11",121400,2095,10926,"RCP85","Rep1"
"12",259292,2095,23336.28,"RCP85","Rep1"
"13",5103,2095,459.27,"RCP85","Rep1"
"0",5459504,2096,491355.36,"RCP85","Rep1"
"1",1885687,2096,169711.83,"RCP85","Rep1"
"2",178388,2096,16054.92,"RCP85","Rep1"
"3",549872,2096,49488.48,"RCP85","Rep1"
"4",143189,2096,12887.01,"RCP85","Rep1"
"6",434433,2096,39098.97,"RCP85","Rep1"
"7",139600,2096,12564,"RCP85","Rep1"
"8",179814,2096,16183.26,"RCP85","Rep1"
"9",172218,2096,15499.62,"RCP85","Rep1"
"10",3475,2096,312.75,"RCP85","Rep1"
"11",109532,2096,9857.88,"RCP85","Rep1"
"12",259189,2096,23327.01,"RCP85","Rep1"
"13",5103,2096,459.27,"RCP85","Rep1"
"0",5457865,2097,491207.85,"RCP85","Rep1"
"1",1890845,2097,170176.05,"RCP85","Rep1"
"2",177574,2097,15981.66,"RCP85","Rep1"
"3",547600,2097,49284,"RCP85","Rep1"
"4",142399,2097,12815.91,"RCP85","Rep1"
"6",435339,2097,39180.51,"RCP85","Rep1"
"7",140122,2097,12610.98,"RCP85","Rep1"
"8",179665,2097,16169.85,"RCP85","Rep1"
"9",172135,2097,15492.15,"RCP85","Rep1"
"10",3310,2097,297.9,"RCP85","Rep1"
"11",108546,2097,9769.14,"RCP85","Rep1"
"12",259502,2097,23355.18,"RCP85","Rep1"
"13",5102,2097,459.18,"RCP85","Rep1"
"0",5456320,2098,491068.8,"RCP85","Rep1"
"1",1895166,2098,170564.94,"RCP85","Rep1"
"2",177202,2098,15948.18,"RCP85","Rep1"
"3",544878,2098,49039.02,"RCP85","Rep1"
"4",142390,2098,12815.1,"RCP85","Rep1"
"6",435796,2098,39221.64,"RCP85","Rep1"
"7",141226,2098,12710.34,"RCP85","Rep1"
"8",179506,2098,16155.54,"RCP85","Rep1"
"9",172093,2098,15488.37,"RCP85","Rep1"
"10",3198,2098,287.82,"RCP85","Rep1"
"11",107541,2098,9678.69,"RCP85","Rep1"
"12",259588,2098,23362.92,"RCP85","Rep1"
"13",5100,2098,459,"RCP85","Rep1"
"0",5462254,2099,491602.86,"RCP85","Rep1"
"1",1896716,2099,170704.44,"RCP85","Rep1"
"2",176743,2099,15906.87,"RCP85","Rep1"
"3",538930,2099,48503.7,"RCP85","Rep1"
"4",142547,2099,12829.23,"RCP85","Rep1"
"6",435010,2099,39150.9,"RCP85","Rep1"
"7",144416,2099,12997.44,"RCP85","Rep1"
"8",178503,2099,16065.27,"RCP85","Rep1"
"9",172726,2099,15545.34,"RCP85","Rep1"
"10",3057,2099,275.13,"RCP85","Rep1"
"11",106040,2099,9543.6,"RCP85","Rep1"
"12",257998,2099,23219.82,"RCP85","Rep1"
"13",5064,2099,455.76,"RCP85","Rep1"
"0",5460514,2100,491446.26,"RCP85","Rep1"
"1",1901930,2100,171173.7,"RCP85","Rep1"
"2",176353,2100,15871.77,"RCP85","Rep1"
"3",535177,2100,48165.93,"RCP85","Rep1"
"4",141798,2100,12761.82,"RCP85","Rep1"
"6",435956,2100,39236.04,"RCP85","Rep1"
"7",158109,2100,14229.81,"RCP85","Rep1"
"8",193851,2100,17446.59,"RCP85","Rep1"
"9",157142,2100,14142.78,"RCP85","Rep1"
"10",2946,2100,265.14,"RCP85","Rep1"
"11",105290,2100,9476.1,"RCP85","Rep1"
"12",245794,2100,22121.46,"RCP85","Rep1"
"13",5144,2100,462.96,"RCP85","Rep1"
"0",5459223,2101,491330.07,"RCP85","Rep1"
"1",1907930,2101,171713.7,"RCP85","Rep1"
"2",176698,2101,15902.82,"RCP85","Rep1"
"3",530533,2101,47747.97,"RCP85","Rep1"
"4",141164,2101,12704.76,"RCP85","Rep1"
"6",435448,2101,39190.32,"RCP85","Rep1"
"7",159341,2101,14340.69,"RCP85","Rep1"
"8",193606,2101,17424.54,"RCP85","Rep1"
"9",157295,2101,14156.55,"RCP85","Rep1"
"10",2864,2101,257.76,"RCP85","Rep1"
"11",104962,2101,9446.58,"RCP85","Rep1"
"12",245797,2101,22121.73,"RCP85","Rep1"
"13",5143,2101,462.87,"RCP85","Rep1"
"0",5457951,2102,491215.59,"RCP85","Rep1"
"1",1912451,2102,172120.59,"RCP85","Rep1"
"2",177416,2102,15967.44,"RCP85","Rep1"
"3",528017,2102,47521.53,"RCP85","Rep1"
"4",140704,2102,12663.36,"RCP85","Rep1"
"6",434529,2102,39107.61,"RCP85","Rep1"
"7",160672,2102,14460.48,"RCP85","Rep1"
"8",193313,2102,17398.17,"RCP85","Rep1"
"9",157481,2102,14173.29,"RCP85","Rep1"
"10",2779,2102,250.11,"RCP85","Rep1"
"11",104276,2102,9384.84,"RCP85","Rep1"
"12",245276,2102,22074.84,"RCP85","Rep1"
"13",5139,2102,462.51,"RCP85","Rep1"
"0",5456425,2103,491078.25,"RCP85","Rep1"
"1",1918415,2103,172657.35,"RCP85","Rep1"
"2",178426,2103,16058.34,"RCP85","Rep1"
"3",524785,2103,47230.65,"RCP85","Rep1"
"4",140758,2103,12668.22,"RCP85","Rep1"
"6",434812,2103,39133.08,"RCP85","Rep1"
"7",161821,2103,14563.89,"RCP85","Rep1"
"8",192987,2103,17368.83,"RCP85","Rep1"
"9",157888,2103,14209.92,"RCP85","Rep1"
"10",2698,2103,242.82,"RCP85","Rep1"
"11",102128,2103,9191.52,"RCP85","Rep1"
"12",243727,2103,21935.43,"RCP85","Rep1"
"13",5134,2103,462.06,"RCP85","Rep1"
"0",5465648,2104,491908.32,"RCP85","Rep1"
"1",1922785,2104,173050.65,"RCP85","Rep1"
"2",181581,2104,16342.29,"RCP85","Rep1"
"3",515211,2104,46368.99,"RCP85","Rep1"
"4",143043,2104,12873.87,"RCP85","Rep1"
"6",431901,2104,38871.09,"RCP85","Rep1"
"7",162363,2104,14612.67,"RCP85","Rep1"
"8",191795,2104,17261.55,"RCP85","Rep1"
"9",159122,2104,14320.98,"RCP85","Rep1"
"10",2623,2104,236.07,"RCP85","Rep1"
"11",97366,2104,8762.94,"RCP85","Rep1"
"12",241443,2104,21729.87,"RCP85","Rep1"
"13",5123,2104,461.07,"RCP85","Rep1"
"0",5464612,2105,491815.08,"RCP85","Rep1"
"1",1931977,2105,173877.93,"RCP85","Rep1"
"2",185701,2105,16713.09,"RCP85","Rep1"
"3",507741,2105,45696.69,"RCP85","Rep1"
"4",143928,2105,12953.52,"RCP85","Rep1"
"6",430552,2105,38749.68,"RCP85","Rep1"
"7",162464,2105,14621.76,"RCP85","Rep1"
"8",191522,2105,17236.98,"RCP85","Rep1"
"9",160093,2105,14408.37,"RCP85","Rep1"
"10",2582,2105,232.38,"RCP85","Rep1"
"11",94328,2105,8489.52,"RCP85","Rep1"
"12",239435,2105,21549.15,"RCP85","Rep1"
"13",5069,2105,456.21,"RCP85","Rep1"
"0",5463093,2106,491678.37,"RCP85","Rep1"
"1",1939199,2106,174527.91,"RCP85","Rep1"
"2",186522,2106,16786.98,"RCP85","Rep1"
"3",504742,2106,45426.78,"RCP85","Rep1"
"4",143737,2106,12936.33,"RCP85","Rep1"
"6",429901,2106,38691.09,"RCP85","Rep1"
"7",163014,2106,14671.26,"RCP85","Rep1"
"8",191115,2106,17200.35,"RCP85","Rep1"
"9",160787,2106,14470.83,"RCP85","Rep1"
"10",2527,2106,227.43,"RCP85","Rep1"
"11",93820,2106,8443.8,"RCP85","Rep1"
"12",236480,2106,21283.2,"RCP85","Rep1"
"13",5067,2106,456.03,"RCP85","Rep1"
"0",5461523,2107,491537.07,"RCP85","Rep1"
"1",1945426,2107,175088.34,"RCP85","Rep1"
"2",186866,2107,16817.94,"RCP85","Rep1"
"3",501828,2107,45164.52,"RCP85","Rep1"
"4",143642,2107,12927.78,"RCP85","Rep1"
"6",432647,2107,38938.23,"RCP85","Rep1"
"7",164119,2107,14770.71,"RCP85","Rep1"
"8",190539,2107,17148.51,"RCP85","Rep1"
"9",161335,2107,14520.15,"RCP85","Rep1"
"10",2467,2107,222.03,"RCP85","Rep1"
"11",90332,2107,8129.88,"RCP85","Rep1"
"12",234214,2107,21079.26,"RCP85","Rep1"
"13",5066,2107,455.94,"RCP85","Rep1"
"0",5459812,2108,491383.08,"RCP85","Rep1"
"1",1958046,2108,176224.14,"RCP85","Rep1"
"2",187344,2108,16860.96,"RCP85","Rep1"
"3",498268,2108,44844.12,"RCP85","Rep1"
"4",144057,2108,12965.13,"RCP85","Rep1"
"6",441230,2108,39710.7,"RCP85","Rep1"
"7",166100,2108,14949,"RCP85","Rep1"
"8",189992,2108,17099.28,"RCP85","Rep1"
"9",161771,2108,14559.39,"RCP85","Rep1"
"10",2402,2108,216.18,"RCP85","Rep1"
"11",80851,2108,7276.59,"RCP85","Rep1"
"12",225067,2108,20256.03,"RCP85","Rep1"
"13",5064,2108,455.76,"RCP85","Rep1"
"0",5469963,2109,492296.67,"RCP85","Rep1"
"1",1963242,2109,176691.78,"RCP85","Rep1"
"2",189857,2109,17087.13,"RCP85","Rep1"
"3",491807,2109,44262.63,"RCP85","Rep1"
"4",146330,2109,13169.7,"RCP85","Rep1"
"6",451084,2109,40597.56,"RCP85","Rep1"
"7",168375,2109,15153.75,"RCP85","Rep1"
"8",188295,2109,16946.55,"RCP85","Rep1"
"9",163437,2109,14709.33,"RCP85","Rep1"
"10",2335,2109,210.15,"RCP85","Rep1"
"11",65005,2109,5850.45,"RCP85","Rep1"
"12",215264,2109,19373.76,"RCP85","Rep1"
"13",5010,2109,450.9,"RCP85","Rep1"
"0",5468165,2110,492134.85,"RCP85","Rep1"
"1",1971402,2110,177426.18,"RCP85","Rep1"
"2",191437,2110,17229.33,"RCP85","Rep1"
"3",485968,2110,43737.12,"RCP85","Rep1"
"4",146883,2110,13219.47,"RCP85","Rep1"
"6",451063,2110,40595.67,"RCP85","Rep1"
"7",171449,2110,15430.41,"RCP85","Rep1"
"8",187585,2110,16882.65,"RCP85","Rep1"
"9",164002,2110,14760.18,"RCP85","Rep1"
"10",2277,2110,204.93,"RCP85","Rep1"
"11",63690,2110,5732.1,"RCP85","Rep1"
"12",211075,2110,18996.75,"RCP85","Rep1"
"13",5008,2110,450.72,"RCP85","Rep1"
"0",5466214,2111,491959.26,"RCP85","Rep1"
"1",1980003,2111,178200.27,"RCP85","Rep1"
"2",192842,2111,17355.78,"RCP85","Rep1"
"3",480107,2111,43209.63,"RCP85","Rep1"
"4",147030,2111,13232.7,"RCP85","Rep1"
"6",449749,2111,40477.41,"RCP85","Rep1"
"7",172800,2111,15552,"RCP85","Rep1"
"8",186748,2111,16807.32,"RCP85","Rep1"
"9",164657,2111,14819.13,"RCP85","Rep1"
"10",2232,2111,200.88,"RCP85","Rep1"
"11",63936,2111,5754.24,"RCP85","Rep1"
"12",208687,2111,18781.83,"RCP85","Rep1"
"13",4999,2111,449.91,"RCP85","Rep1"
"0",5464516,2112,491806.44,"RCP85","Rep1"
"1",1990485,2112,179143.65,"RCP85","Rep1"
"2",195856,2112,17627.04,"RCP85","Rep1"
"3",469366,2112,42242.94,"RCP85","Rep1"
"4",147302,2112,13257.18,"RCP85","Rep1"
"6",446641,2112,40197.69,"RCP85","Rep1"
"7",177716,2112,15994.44,"RCP85","Rep1"
"8",185788,2112,16720.92,"RCP85","Rep1"
"9",165091,2112,14858.19,"RCP85","Rep1"
"10",2201,2112,198.09,"RCP85","Rep1"
"11",64175,2112,5775.75,"RCP85","Rep1"
"12",205869,2112,18528.21,"RCP85","Rep1"
"13",4998,2112,449.82,"RCP85","Rep1"
"0",5463074,2113,491676.66,"RCP85","Rep1"
"1",2000466,2113,180041.94,"RCP85","Rep1"
"2",198203,2113,17838.27,"RCP85","Rep1"
"3",462275,2113,41604.75,"RCP85","Rep1"
"4",147363,2113,13262.67,"RCP85","Rep1"
"6",443117,2113,39880.53,"RCP85","Rep1"
"7",178591,2113,16073.19,"RCP85","Rep1"
"8",184678,2113,16621.02,"RCP85","Rep1"
"9",165986,2113,14938.74,"RCP85","Rep1"
"10",2153,2113,193.77,"RCP85","Rep1"
"11",64374,2113,5793.66,"RCP85","Rep1"
"12",204729,2113,18425.61,"RCP85","Rep1"
"13",4995,2113,449.55,"RCP85","Rep1"
"0",5473264,2114,492593.76,"RCP85","Rep1"
"1",2005705,2114,180513.45,"RCP85","Rep1"
"2",201613,2114,18145.17,"RCP85","Rep1"
"3",450521,2114,40546.89,"RCP85","Rep1"
"4",148116,2114,13330.44,"RCP85","Rep1"
"6",436084,2114,39247.56,"RCP85","Rep1"
"7",179362,2114,16142.58,"RCP85","Rep1"
"8",182426,2114,16418.34,"RCP85","Rep1"
"9",168862,2114,15197.58,"RCP85","Rep1"
"10",2051,2114,184.59,"RCP85","Rep1"
"11",63995,2114,5759.55,"RCP85","Rep1"
"12",203065,2114,18275.85,"RCP85","Rep1"
"13",4940,2114,444.6,"RCP85","Rep1"
"0",5472456,2115,492521.04,"RCP85","Rep1"
"1",2018212,2115,181639.08,"RCP85","Rep1"
"2",205731,2115,18515.79,"RCP85","Rep1"
"3",440402,2115,39636.18,"RCP85","Rep1"
"4",146918,2115,13222.62,"RCP85","Rep1"
"6",431567,2115,38841.03,"RCP85","Rep1"
"7",180864,2115,16277.76,"RCP85","Rep1"
"8",192460,2115,17321.4,"RCP85","Rep1"
"9",158918,2115,14302.62,"RCP85","Rep1"
"10",2029,2115,182.61,"RCP85","Rep1"
"11",64070,2115,5766.3,"RCP85","Rep1"
"12",201435,2115,18129.15,"RCP85","Rep1"
"13",4942,2115,444.78,"RCP85","Rep1"
"0",5470483,2116,492343.47,"RCP85","Rep1"
"1",2031225,2116,182810.25,"RCP85","Rep1"
"2",213327,2116,19199.43,"RCP85","Rep1"
"3",428621,2116,38575.89,"RCP85","Rep1"
"4",146393,2116,13175.37,"RCP85","Rep1"
"6",426653,2116,38398.77,"RCP85","Rep1"
"7",181333,2116,16319.97,"RCP85","Rep1"
"8",191059,2116,17195.31,"RCP85","Rep1"
"9",161627,2116,14546.43,"RCP85","Rep1"
"10",1992,2116,179.28,"RCP85","Rep1"
"11",64182,2116,5776.38,"RCP85","Rep1"
"12",198170,2116,17835.3,"RCP85","Rep1"
"13",4939,2116,444.51,"RCP85","Rep1"
"0",5468512,2117,492166.08,"RCP85","Rep1"
"1",2043564,2117,183920.76,"RCP85","Rep1"
"2",219970,2117,19797.3,"RCP85","Rep1"
"3",416204,2117,37458.36,"RCP85","Rep1"
"4",145631,2117,13106.79,"RCP85","Rep1"
"6",422914,2117,38062.26,"RCP85","Rep1"
"7",181485,2117,16333.65,"RCP85","Rep1"
"8",189779,2117,17080.11,"RCP85","Rep1"
"9",163986,2117,14758.74,"RCP85","Rep1"
"10",1958,2117,176.22,"RCP85","Rep1"
"11",64502,2117,5805.18,"RCP85","Rep1"
"12",196561,2117,17690.49,"RCP85","Rep1"
"13",4938,2117,444.42,"RCP85","Rep1"
"0",5466480,2118,491983.2,"RCP85","Rep1"
"1",2057420,2118,185167.8,"RCP85","Rep1"
"2",222719,2118,20044.71,"RCP85","Rep1"
"3",406249,2118,36562.41,"RCP85","Rep1"
"4",144853,2118,13036.77,"RCP85","Rep1"
"6",419806,2118,37782.54,"RCP85","Rep1"
"7",181659,2118,16349.31,"RCP85","Rep1"
"8",188392,2118,16955.28,"RCP85","Rep1"
"9",166165,2118,14954.85,"RCP85","Rep1"
"10",1914,2118,172.26,"RCP85","Rep1"
"11",64838,2118,5835.42,"RCP85","Rep1"
"12",194574,2118,17511.66,"RCP85","Rep1"
"13",4935,2118,444.15,"RCP85","Rep1"
"0",5474851,2119,492736.59,"RCP85","Rep1"
"1",2065055,2119,185854.95,"RCP85","Rep1"
"2",224825,2119,20234.25,"RCP85","Rep1"
"3",396179,2119,35656.11,"RCP85","Rep1"
"4",144572,2119,13011.48,"RCP85","Rep1"
"6",413589,2119,37223.01,"RCP85","Rep1"
"7",181972,2119,16377.48,"RCP85","Rep1"
"8",185708,2119,16713.72,"RCP85","Rep1"
"9",169585,2119,15262.65,"RCP85","Rep1"
"10",1856,2119,167.04,"RCP85","Rep1"
"11",64723,2119,5825.07,"RCP85","Rep1"
"12",192193,2119,17297.37,"RCP85","Rep1"
"13",4896,2119,440.64,"RCP85","Rep1"
"0",5473712,2120,492634.08,"RCP85","Rep1"
"1",2077545,2120,186979.05,"RCP85","Rep1"
"2",225671,2120,20310.39,"RCP85","Rep1"
"3",391255,2120,35212.95,"RCP85","Rep1"
"4",143253,2120,12892.77,"RCP85","Rep1"
"6",409768,2120,36879.12,"RCP85","Rep1"
"7",182116,2120,16390.44,"RCP85","Rep1"
"8",183951,2120,16555.59,"RCP85","Rep1"
"9",171293,2120,15416.37,"RCP85","Rep1"
"10",1756,2120,158.04,"RCP85","Rep1"
"11",64368,2120,5793.12,"RCP85","Rep1"
"12",190425,2120,17138.25,"RCP85","Rep1"
"13",4891,2120,440.19,"RCP85","Rep1"
"0",5471651,2121,492448.59,"RCP85","Rep1"
"1",2089066,2121,188015.94,"RCP85","Rep1"
"2",226942,2121,20424.78,"RCP85","Rep1"
"3",387271,2121,34854.39,"RCP85","Rep1"
"4",142136,2121,12792.24,"RCP85","Rep1"
"6",406716,2121,36604.44,"RCP85","Rep1"
"7",182378,2121,16414.02,"RCP85","Rep1"
"8",181697,2121,16352.73,"RCP85","Rep1"
"9",173701,2121,15633.09,"RCP85","Rep1"
"10",1703,2121,153.27,"RCP85","Rep1"
"11",62775,2121,5649.75,"RCP85","Rep1"
"12",189085,2121,17017.65,"RCP85","Rep1"
"13",4883,2121,439.47,"RCP85","Rep1"
"0",5470041,2122,492303.69,"RCP85","Rep1"
"1",2099804,2122,188982.36,"RCP85","Rep1"
"2",230133,2122,20711.97,"RCP85","Rep1"
"3",382235,2122,34401.15,"RCP85","Rep1"
"4",141011,2122,12690.99,"RCP85","Rep1"
"6",402752,2122,36247.68,"RCP85","Rep1"
"7",182889,2122,16460.01,"RCP85","Rep1"
"8",179536,2122,16158.24,"RCP85","Rep1"
"9",176531,2122,15887.79,"RCP85","Rep1"
"10",1675,2122,150.75,"RCP85","Rep1"
"11",62486,2122,5623.74,"RCP85","Rep1"
"12",186033,2122,16742.97,"RCP85","Rep1"
"13",4878,2122,439.02,"RCP85","Rep1"
"0",5468031,2123,492122.79,"RCP85","Rep1"
"1",2111730,2123,190055.7,"RCP85","Rep1"
"2",233272,2123,20994.48,"RCP85","Rep1"
"3",375789,2123,33821.01,"RCP85","Rep1"
"4",140095,2123,12608.55,"RCP85","Rep1"
"6",398744,2123,35886.96,"RCP85","Rep1"
"7",183300,2123,16497,"RCP85","Rep1"
"8",177494,2123,15974.46,"RCP85","Rep1"
"9",180211,2123,16218.99,"RCP85","Rep1"
"10",1643,2123,147.87,"RCP85","Rep1"
"11",62719,2123,5644.71,"RCP85","Rep1"
"12",182106,2123,16389.54,"RCP85","Rep1"
"13",4870,2123,438.3,"RCP85","Rep1"
"0",5477679,2124,492991.11,"RCP85","Rep1"
"1",2116090,2124,190448.1,"RCP85","Rep1"
"2",236212,2124,21259.08,"RCP85","Rep1"
"3",368564,2124,33170.76,"RCP85","Rep1"
"4",139818,2124,12583.62,"RCP85","Rep1"
"6",390934,2124,35184.06,"RCP85","Rep1"
"7",183853,2124,16546.77,"RCP85","Rep1"
"8",173889,2124,15650.01,"RCP85","Rep1"
"9",185343,2124,16680.87,"RCP85","Rep1"
"10",1597,2124,143.73,"RCP85","Rep1"
"11",62433,2124,5618.97,"RCP85","Rep1"
"12",178763,2124,16088.67,"RCP85","Rep1"
"13",4829,2124,434.61,"RCP85","Rep1"
"0",5476285,2125,492865.65,"RCP85","Rep1"
"1",2129576,2125,191661.84,"RCP85","Rep1"
"2",236884,2125,21319.56,"RCP85","Rep1"
"3",361725,2125,32555.25,"RCP85","Rep1"
"4",138439,2125,12459.51,"RCP85","Rep1"
"6",387248,2125,34852.32,"RCP85","Rep1"
"7",184138,2125,16572.42,"RCP85","Rep1"
"8",170262,2125,15323.58,"RCP85","Rep1"
"9",190678,2125,17161.02,"RCP85","Rep1"
"10",1558,2125,140.22,"RCP85","Rep1"
"11",62541,2125,5628.69,"RCP85","Rep1"
"12",175861,2125,15827.49,"RCP85","Rep1"
"13",4809,2125,432.81,"RCP85","Rep1"
"0",5474164,2126,492674.76,"RCP85","Rep1"
"1",2141642,2126,192747.78,"RCP85","Rep1"
"2",238352,2126,21451.68,"RCP85","Rep1"
"3",355279,2126,31975.11,"RCP85","Rep1"
"4",137889,2126,12410.01,"RCP85","Rep1"
"6",383446,2126,34510.14,"RCP85","Rep1"
"7",184418,2126,16597.62,"RCP85","Rep1"
"8",167820,2126,15103.8,"RCP85","Rep1"
"9",194146,2126,17473.14,"RCP85","Rep1"
"10",1516,2126,136.44,"RCP85","Rep1"
"11",62501,2126,5625.09,"RCP85","Rep1"
"12",174063,2126,15665.67,"RCP85","Rep1"
"13",4768,2126,429.12,"RCP85","Rep1"
"0",5472129,2127,492491.61,"RCP85","Rep1"
"1",2152180,2127,193696.2,"RCP85","Rep1"
"2",243519,2127,21916.71,"RCP85","Rep1"
"3",348848,2127,31396.32,"RCP85","Rep1"
"4",137834,2127,12405.06,"RCP85","Rep1"
"6",379641,2127,34167.69,"RCP85","Rep1"
"7",184708,2127,16623.72,"RCP85","Rep1"
"8",166465,2127,14981.85,"RCP85","Rep1"
"9",198717,2127,17884.53,"RCP85","Rep1"
"10",1475,2127,132.75,"RCP85","Rep1"
"11",61956,2127,5576.04,"RCP85","Rep1"
"12",167807,2127,15102.63,"RCP85","Rep1"
"13",4725,2127,425.25,"RCP85","Rep1"
"0",5470144,2128,492312.96,"RCP85","Rep1"
"1",2163240,2128,194691.6,"RCP85","Rep1"
"2",244201,2128,21978.09,"RCP85","Rep1"
"3",339382,2128,30544.38,"RCP85","Rep1"
"4",138441,2128,12459.69,"RCP85","Rep1"
"6",376961,2128,33926.49,"RCP85","Rep1"
"7",185011,2128,16650.99,"RCP85","Rep1"
"8",165495,2128,14894.55,"RCP85","Rep1"
"9",202806,2128,18252.54,"RCP85","Rep1"
"10",1439,2128,129.51,"RCP85","Rep1"
"11",60654,2128,5458.86,"RCP85","Rep1"
"12",167545,2128,15079.05,"RCP85","Rep1"
"13",4685,2128,421.65,"RCP85","Rep1"
"0",5477372,2129,492963.48,"RCP85","Rep1"
"1",2168898,2129,195200.82,"RCP85","Rep1"
"2",246639,2129,22197.51,"RCP85","Rep1"
"3",328528,2129,29567.52,"RCP85","Rep1"
"4",140708,2129,12663.72,"RCP85","Rep1"
"6",372455,2129,33520.95,"RCP85","Rep1"
"7",185369,2129,16683.21,"RCP85","Rep1"
"8",163820,2129,14743.8,"RCP85","Rep1"
"9",205739,2129,18516.51,"RCP85","Rep1"
"10",1400,2129,126,"RCP85","Rep1"
"11",57163,2129,5144.67,"RCP85","Rep1"
"12",167313,2129,15058.17,"RCP85","Rep1"
"13",4600,2129,414,"RCP85","Rep1"
"0",5476010,2130,492840.9,"RCP85","Rep1"
"1",2180703,2130,196263.27,"RCP85","Rep1"
"2",247472,2130,22272.48,"RCP85","Rep1"
"3",319696,2130,28772.64,"RCP85","Rep1"
"4",141456,2130,12731.04,"RCP85","Rep1"
"6",369249,2130,33232.41,"RCP85","Rep1"
"7",185642,2130,16707.78,"RCP85","Rep1"
"8",163571,2130,14721.39,"RCP85","Rep1"
"9",207402,2130,18666.18,"RCP85","Rep1"
"10",1372,2130,123.48,"RCP85","Rep1"
"11",55059,2130,4955.31,"RCP85","Rep1"
"12",167831,2130,15104.79,"RCP85","Rep1"
"13",4541,2130,408.69,"RCP85","Rep1"
"0",5474137,2131,492672.33,"RCP85","Rep1"
"1",2189793,2131,197081.37,"RCP85","Rep1"
"2",248786,2131,22390.74,"RCP85","Rep1"
"3",313871,2131,28248.39,"RCP85","Rep1"
"4",142833,2131,12854.97,"RCP85","Rep1"
"6",366546,2131,32989.14,"RCP85","Rep1"
"7",185892,2131,16730.28,"RCP85","Rep1"
"8",163163,2131,14684.67,"RCP85","Rep1"
"9",209190,2131,18827.1,"RCP85","Rep1"
"10",1338,2131,120.42,"RCP85","Rep1"
"11",53143,2131,4782.87,"RCP85","Rep1"
"12",166845,2131,15016.05,"RCP85","Rep1"
"13",4467,2131,402.03,"RCP85","Rep1"
"0",5472359,2132,492512.31,"RCP85","Rep1"
"1",2200032,2132,198002.88,"RCP85","Rep1"
"2",249321,2132,22438.89,"RCP85","Rep1"
"3",307255,2132,27652.95,"RCP85","Rep1"
"4",141968,2132,12777.12,"RCP85","Rep1"
"6",363507,2132,32715.63,"RCP85","Rep1"
"7",186217,2132,16759.53,"RCP85","Rep1"
"8",162816,2132,14653.44,"RCP85","Rep1"
"9",212606,2132,19134.54,"RCP85","Rep1"
"10",1302,2132,117.18,"RCP85","Rep1"
"11",53663,2132,4829.67,"RCP85","Rep1"
"12",164585,2132,14812.65,"RCP85","Rep1"
"13",4373,2132,393.57,"RCP85","Rep1"
"0",5470367,2133,492333.03,"RCP85","Rep1"
"1",2208021,2133,198721.89,"RCP85","Rep1"
"2",254702,2133,22923.18,"RCP85","Rep1"
"3",298335,2133,26850.15,"RCP85","Rep1"
"4",141308,2133,12717.72,"RCP85","Rep1"
"6",360944,2133,32484.96,"RCP85","Rep1"
"7",186564,2133,16790.76,"RCP85","Rep1"
"8",162519,2133,14626.71,"RCP85","Rep1"
"9",214873,2133,19338.57,"RCP85","Rep1"
"10",1268,2133,114.12,"RCP85","Rep1"
"11",54236,2133,4881.24,"RCP85","Rep1"
"12",162611,2133,14634.99,"RCP85","Rep1"
"13",4256,2133,383.04,"RCP85","Rep1"
"0",5480392,2134,493235.28,"RCP85","Rep1"
"1",2207504,2134,198675.36,"RCP85","Rep1"
"2",260746,2134,23467.14,"RCP85","Rep1"
"3",289920,2134,26092.8,"RCP85","Rep1"
"4",141547,2134,12739.23,"RCP85","Rep1"
"6",354975,2134,31947.75,"RCP85","Rep1"
"7",186784,2134,16810.56,"RCP85","Rep1"
"8",161532,2134,14537.88,"RCP85","Rep1"
"9",218223,2134,19640.07,"RCP85","Rep1"
"10",1231,2134,110.79,"RCP85","Rep1"
"11",53770,2134,4839.3,"RCP85","Rep1"
"12",159243,2134,14331.87,"RCP85","Rep1"
"13",4137,2134,372.33,"RCP85","Rep1"
"0",5478930,2135,493103.7,"RCP85","Rep1"
"1",2215707,2135,199413.63,"RCP85","Rep1"
"2",265152,2135,23863.68,"RCP85","Rep1"
"3",284001,2135,25560.09,"RCP85","Rep1"
"4",140943,2135,12684.87,"RCP85","Rep1"
"6",352420,2135,31717.8,"RCP85","Rep1"
"7",187120,2135,16840.8,"RCP85","Rep1"
"8",161307,2135,14517.63,"RCP85","Rep1"
"9",221927,2135,19973.43,"RCP85","Rep1"
"10",1112,2135,100.08,"RCP85","Rep1"
"11",53918,2135,4852.62,"RCP85","Rep1"
"12",153458,2135,13811.22,"RCP85","Rep1"
"13",4009,2135,360.81,"RCP85","Rep1"
"0",5476813,2136,492913.17,"RCP85","Rep1"
"1",2223934,2136,200154.06,"RCP85","Rep1"
"2",269675,2136,24270.75,"RCP85","Rep1"
"3",278510,2136,25065.9,"RCP85","Rep1"
"4",140527,2136,12647.43,"RCP85","Rep1"
"6",349377,2136,31443.93,"RCP85","Rep1"
"7",187463,2136,16871.67,"RCP85","Rep1"
"8",161037,2136,14493.33,"RCP85","Rep1"
"9",226959,2136,20426.31,"RCP85","Rep1"
"10",1094,2136,98.46,"RCP85","Rep1"
"11",54374,2136,4893.66,"RCP85","Rep1"
"12",146347,2136,13171.23,"RCP85","Rep1"
"13",3894,2136,350.46,"RCP85","Rep1"
"0",5474683,2137,492721.47,"RCP85","Rep1"
"1",2229793,2137,200681.37,"RCP85","Rep1"
"2",273382,2137,24604.38,"RCP85","Rep1"
"3",274019,2137,24661.71,"RCP85","Rep1"
"4",139864,2137,12587.76,"RCP85","Rep1"
"6",346327,2137,31169.43,"RCP85","Rep1"
"7",188051,2137,16924.59,"RCP85","Rep1"
"8",160931,2137,14483.79,"RCP85","Rep1"
"9",234473,2137,21102.57,"RCP85","Rep1"
"10",1077,2137,96.93,"RCP85","Rep1"
"11",55001,2137,4950.09,"RCP85","Rep1"
"12",138646,2137,12478.14,"RCP85","Rep1"
"13",3757,2137,338.13,"RCP85","Rep1"
"0",5473037,2138,492573.33,"RCP85","Rep1"
"1",2235005,2138,201150.45,"RCP85","Rep1"
"2",277205,2138,24948.45,"RCP85","Rep1"
"3",269537,2138,24258.33,"RCP85","Rep1"
"4",139204,2138,12528.36,"RCP85","Rep1"
"6",342191,2138,30797.19,"RCP85","Rep1"
"7",188610,2138,16974.9,"RCP85","Rep1"
"8",160902,2138,14481.18,"RCP85","Rep1"
"9",238267,2138,21444.03,"RCP85","Rep1"
"10",1050,2138,94.5,"RCP85","Rep1"
"11",55570,2138,5001.3,"RCP85","Rep1"
"12",135811,2138,12222.99,"RCP85","Rep1"
"13",3615,2138,325.35,"RCP85","Rep1"
"0",5482898,2139,493460.82,"RCP85","Rep1"
"1",2230086,2139,200707.74,"RCP85","Rep1"
"2",282149,2139,25393.41,"RCP85","Rep1"
"3",263864,2139,23747.76,"RCP85","Rep1"
"4",139436,2139,12549.24,"RCP85","Rep1"
"6",336103,2139,30249.27,"RCP85","Rep1"
"7",189011,2139,17010.99,"RCP85","Rep1"
"8",159954,2139,14395.86,"RCP85","Rep1"
"9",238763,2139,21488.67,"RCP85","Rep1"
"10",1031,2139,92.79,"RCP85","Rep1"
"11",55880,2139,5029.2,"RCP85","Rep1"
"12",137354,2139,12361.86,"RCP85","Rep1"
"13",3475,2139,312.75,"RCP85","Rep1"
"0",5482403,2140,493416.27,"RCP85","Rep1"
"1",2234034,2140,201063.06,"RCP85","Rep1"
"2",285347,2140,25681.23,"RCP85","Rep1"
"3",259897,2140,23390.73,"RCP85","Rep1"
"4",137751,2140,12397.59,"RCP85","Rep1"
"6",331921,2140,29872.89,"RCP85","Rep1"
"7",189403,2140,17046.27,"RCP85","Rep1"
"8",160053,2140,14404.77,"RCP85","Rep1"
"9",238122,2140,21430.98,"RCP85","Rep1"
"10",1003,2140,90.27,"RCP85","Rep1"
"11",56638,2140,5097.42,"RCP85","Rep1"
"12",140096,2140,12608.64,"RCP85","Rep1"
"13",3336,2140,300.24,"RCP85","Rep1"
"0",5480434,2141,493239.06,"RCP85","Rep1"
"1",2237648,2141,201388.32,"RCP85","Rep1"
"2",288812,2141,25993.08,"RCP85","Rep1"
"3",255921,2141,23032.89,"RCP85","Rep1"
"4",137313,2141,12358.17,"RCP85","Rep1"
"6",327297,2141,29456.73,"RCP85","Rep1"
"7",189819,2141,17083.71,"RCP85","Rep1"
"8",160209,2141,14418.81,"RCP85","Rep1"
"9",237997,2141,21419.73,"RCP85","Rep1"
"10",976,2141,87.84,"RCP85","Rep1"
"11",57373,2141,5163.57,"RCP85","Rep1"
"12",143015,2141,12871.35,"RCP85","Rep1"
"13",3190,2141,287.1,"RCP85","Rep1"
"0",5478978,2142,493108.02,"RCP85","Rep1"
"1",2240268,2142,201624.12,"RCP85","Rep1"
"2",293919,2142,26452.71,"RCP85","Rep1"
"3",251727,2142,22655.43,"RCP85","Rep1"
"4",137034,2142,12333.06,"RCP85","Rep1"
"6",321617,2142,28945.53,"RCP85","Rep1"
"7",190226,2142,17120.34,"RCP85","Rep1"
"8",160262,2142,14423.58,"RCP85","Rep1"
"9",238057,2142,21425.13,"RCP85","Rep1"
"10",961,2142,86.49,"RCP85","Rep1"
"11",58044,2142,5223.96,"RCP85","Rep1"
"12",145841,2142,13125.69,"RCP85","Rep1"
"13",3070,2142,276.3,"RCP85","Rep1"
"0",5477079,2143,492937.11,"RCP85","Rep1"
"1",2241817,2143,201763.53,"RCP85","Rep1"
"2",298121,2143,26830.89,"RCP85","Rep1"
"3",248968,2143,22407.12,"RCP85","Rep1"
"4",137130,2143,12341.7,"RCP85","Rep1"
"6",315870,2143,28428.3,"RCP85","Rep1"
"7",190576,2143,17151.84,"RCP85","Rep1"
"8",160355,2143,14431.95,"RCP85","Rep1"
"9",238218,2143,21439.62,"RCP85","Rep1"
"10",949,2143,85.41,"RCP85","Rep1"
"11",58841,2143,5295.69,"RCP85","Rep1"
"12",149168,2143,13425.12,"RCP85","Rep1"
"13",2912,2143,262.08,"RCP85","Rep1"
"0",5487278,2144,493855.02,"RCP85","Rep1"
"1",2234568,2144,201111.12,"RCP85","Rep1"
"2",303930,2144,27353.7,"RCP85","Rep1"
"3",245066,2144,22055.94,"RCP85","Rep1"
"4",137568,2144,12381.12,"RCP85","Rep1"
"6",306869,2144,27618.21,"RCP85","Rep1"
"7",190772,2144,17169.48,"RCP85","Rep1"
"8",159546,2144,14359.14,"RCP85","Rep1"
"9",239238,2144,21531.42,"RCP85","Rep1"
"10",921,2144,82.89,"RCP85","Rep1"
"11",59309,2144,5337.81,"RCP85","Rep1"
"12",152198,2144,13697.82,"RCP85","Rep1"
"13",2741,2144,246.69,"RCP85","Rep1"
"0",5485828,2145,493724.52,"RCP85","Rep1"
"1",2235510,2145,201195.9,"RCP85","Rep1"
"2",310397,2145,27935.73,"RCP85","Rep1"
"3",241711,2145,21753.99,"RCP85","Rep1"
"4",136826,2145,12314.34,"RCP85","Rep1"
"6",301034,2145,27093.06,"RCP85","Rep1"
"7",191150,2145,17203.5,"RCP85","Rep1"
"8",159410,2145,14346.9,"RCP85","Rep1"
"9",239289,2145,21536.01,"RCP85","Rep1"
"10",799,2145,71.91,"RCP85","Rep1"
"11",59896,2145,5390.64,"RCP85","Rep1"
"12",155584,2145,14002.56,"RCP85","Rep1"
"13",2570,2145,231.3,"RCP85","Rep1"
"0",5483917,2146,493552.53,"RCP85","Rep1"
"1",2234445,2146,201100.05,"RCP85","Rep1"
"2",316474,2146,28482.66,"RCP85","Rep1"
"3",238493,2146,21464.37,"RCP85","Rep1"
"4",136818,2146,12313.62,"RCP85","Rep1"
"6",295999,2146,26639.91,"RCP85","Rep1"
"7",191597,2146,17243.73,"RCP85","Rep1"
"8",159613,2146,14365.17,"RCP85","Rep1"
"9",239637,2146,21567.33,"RCP85","Rep1"
"10",791,2146,71.19,"RCP85","Rep1"
"11",60816,2146,5473.44,"RCP85","Rep1"
"12",159031,2146,14312.79,"RCP85","Rep1"
"13",2373,2146,213.57,"RCP85","Rep1"
"0",5482252,2147,493402.68,"RCP85","Rep1"
"1",2233486,2147,201013.74,"RCP85","Rep1"
"2",321670,2147,28950.3,"RCP85","Rep1"
"3",235279,2147,21175.11,"RCP85","Rep1"
"4",136880,2147,12319.2,"RCP85","Rep1"
"6",291840,2147,26265.6,"RCP85","Rep1"
"7",192117,2147,17290.53,"RCP85","Rep1"
"8",159684,2147,14371.56,"RCP85","Rep1"
"9",239969,2147,21597.21,"RCP85","Rep1"
"10",778,2147,70.02,"RCP85","Rep1"
"11",61673,2147,5550.57,"RCP85","Rep1"
"12",162171,2147,14595.39,"RCP85","Rep1"
"13",2205,2147,198.45,"RCP85","Rep1"
"0",5480125,2148,493211.25,"RCP85","Rep1"
"1",2232427,2148,200918.43,"RCP85","Rep1"
"2",326673,2148,29400.57,"RCP85","Rep1"
"3",231340,2148,20820.6,"RCP85","Rep1"
"4",136988,2148,12328.92,"RCP85","Rep1"
"6",288598,2148,25973.82,"RCP85","Rep1"
"7",192564,2148,17330.76,"RCP85","Rep1"
"8",159960,2148,14396.4,"RCP85","Rep1"
"9",240037,2148,21603.33,"RCP85","Rep1"
"10",763,2148,68.67,"RCP85","Rep1"
"11",62964,2148,5666.76,"RCP85","Rep1"
"12",165542,2148,14898.78,"RCP85","Rep1"
"13",2023,2148,182.07,"RCP85","Rep1"
"0",5489224,2149,494030.16,"RCP85","Rep1"
"1",2221764,2149,199958.76,"RCP85","Rep1"
"2",334224,2149,30080.16,"RCP85","Rep1"
"3",225895,2149,20330.55,"RCP85","Rep1"
"4",137587,2149,12382.83,"RCP85","Rep1"
"6",283332,2149,25499.88,"RCP85","Rep1"
"7",192762,2149,17348.58,"RCP85","Rep1"
"8",159707,2149,14373.63,"RCP85","Rep1"
"9",241165,2149,21704.85,"RCP85","Rep1"
"10",748,2149,67.32,"RCP85","Rep1"
"11",63753,2149,5737.77,"RCP85","Rep1"
"12",167997,2149,15119.73,"RCP85","Rep1"
"13",1846,2149,166.14,"RCP85","Rep1"
"0",5487400,2150,493866,"RCP85","Rep1"
"1",2219854,2150,199786.86,"RCP85","Rep1"
"2",341386,2150,30724.74,"RCP85","Rep1"
"3",221294,2150,19916.46,"RCP85","Rep1"
"4",137495,2150,12374.55,"RCP85","Rep1"
"6",279784,2150,25180.56,"RCP85","Rep1"
"7",193224,2150,17390.16,"RCP85","Rep1"
"8",160163,2150,14414.67,"RCP85","Rep1"
"9",241597,2150,21743.73,"RCP85","Rep1"
"10",736,2150,66.24,"RCP85","Rep1"
"11",64857,2150,5837.13,"RCP85","Rep1"
"12",170529,2150,15347.61,"RCP85","Rep1"
"13",1685,2150,151.65,"RCP85","Rep1"
"0",5485259,2151,493673.31,"RCP85","Rep1"
"1",2217298,2151,199556.82,"RCP85","Rep1"
"2",346693,2151,31202.37,"RCP85","Rep1"
"3",217646,2151,19588.14,"RCP85","Rep1"
"4",137470,2151,12372.3,"RCP85","Rep1"
"6",276586,2151,24892.74,"RCP85","Rep1"
"7",193631,2151,17426.79,"RCP85","Rep1"
"8",160625,2151,14456.25,"RCP85","Rep1"
"9",242448,2151,21820.32,"RCP85","Rep1"
"10",717,2151,64.53,"RCP85","Rep1"
"11",66102,2151,5949.18,"RCP85","Rep1"
"12",174019,2151,15661.71,"RCP85","Rep1"
"13",1510,2151,135.9,"RCP85","Rep1"
"0",5483334,2152,493500.06,"RCP85","Rep1"
"1",2215728,2152,199415.52,"RCP85","Rep1"
"2",351062,2152,31595.58,"RCP85","Rep1"
"3",214236,2152,19281.24,"RCP85","Rep1"
"4",137547,2152,12379.23,"RCP85","Rep1"
"6",272634,2152,24537.06,"RCP85","Rep1"
"7",194038,2152,17463.42,"RCP85","Rep1"
"8",161109,2152,14499.81,"RCP85","Rep1"
"9",243461,2152,21911.49,"RCP85","Rep1"
"10",699,2152,62.91,"RCP85","Rep1"
"11",67294,2152,6056.46,"RCP85","Rep1"
"12",177570,2152,15981.3,"RCP85","Rep1"
"13",1292,2152,116.28,"RCP85","Rep1"
"0",5481430,2153,493328.7,"RCP85","Rep1"
"1",2212740,2153,199146.6,"RCP85","Rep1"
"2",357058,2153,32135.22,"RCP85","Rep1"
"3",211053,2153,18994.77,"RCP85","Rep1"
"4",137743,2153,12396.87,"RCP85","Rep1"
"6",268260,2153,24143.4,"RCP85","Rep1"
"7",194440,2153,17499.6,"RCP85","Rep1"
"8",161603,2153,14544.27,"RCP85","Rep1"
"9",244375,2153,21993.75,"RCP85","Rep1"
"10",686,2153,61.74,"RCP85","Rep1"
"11",68480,2153,6163.2,"RCP85","Rep1"
"12",181035,2153,16293.15,"RCP85","Rep1"
"13",1101,2153,99.09,"RCP85","Rep1"
"0",5489493,2154,494054.37,"RCP85","Rep1"
"1",2199267,2154,197934.03,"RCP85","Rep1"
"2",364891,2154,32840.19,"RCP85","Rep1"
"3",207274,2154,18654.66,"RCP85","Rep1"
"4",138883,2154,12499.47,"RCP85","Rep1"
"6",262536,2154,23628.24,"RCP85","Rep1"
"7",194837,2154,17535.33,"RCP85","Rep1"
"8",161376,2154,14523.84,"RCP85","Rep1"
"9",246299,2154,22166.91,"RCP85","Rep1"
"10",673,2154,60.57,"RCP85","Rep1"
"11",69361,2154,6242.49,"RCP85","Rep1"
"12",184177,2154,16575.93,"RCP85","Rep1"
"13",937,2154,84.33,"RCP85","Rep1"
"0",5487256,2155,493853.04,"RCP85","Rep1"
"1",2193600,2155,197424,"RCP85","Rep1"
"2",372324,2155,33509.16,"RCP85","Rep1"
"3",204516,2155,18406.44,"RCP85","Rep1"
"4",138819,2155,12493.71,"RCP85","Rep1"
"6",258889,2155,23300.01,"RCP85","Rep1"
"7",236366,2155,21272.94,"RCP85","Rep1"
"8",120940,2155,10884.6,"RCP85","Rep1"
"9",247414,2155,22267.26,"RCP85","Rep1"
"10",657,2155,59.13,"RCP85","Rep1"
"11",70663,2155,6359.67,"RCP85","Rep1"
"12",187756,2155,16898.04,"RCP85","Rep1"
"13",804,2155,72.36,"RCP85","Rep1"
"0",5485554,2156,493699.86,"RCP85","Rep1"
"1",2188207,2156,196938.63,"RCP85","Rep1"
"2",379328,2156,34139.52,"RCP85","Rep1"
"3",201423,2156,18128.07,"RCP85","Rep1"
"4",138738,2156,12486.42,"RCP85","Rep1"
"6",254573,2156,22911.57,"RCP85","Rep1"
"7",236779,2156,21310.11,"RCP85","Rep1"
"8",121513,2156,10936.17,"RCP85","Rep1"
"9",249097,2156,22418.73,"RCP85","Rep1"
"10",646,2156,58.14,"RCP85","Rep1"
"11",71744,2156,6456.96,"RCP85","Rep1"
"12",191668,2156,17250.12,"RCP85","Rep1"
"13",734,2156,66.06,"RCP85","Rep1"
"0",5483228,2157,493490.52,"RCP85","Rep1"
"1",2182297,2157,196406.73,"RCP85","Rep1"
"2",387722,2157,34894.98,"RCP85","Rep1"
"3",197552,2157,17779.68,"RCP85","Rep1"
"4",138752,2157,12487.68,"RCP85","Rep1"
"6",250891,2157,22580.19,"RCP85","Rep1"
"7",237324,2157,21359.16,"RCP85","Rep1"
"8",122112,2157,10990.08,"RCP85","Rep1"
"9",250185,2157,22516.65,"RCP85","Rep1"
"10",638,2157,57.42,"RCP85","Rep1"
"11",73093,2157,6578.37,"RCP85","Rep1"
"12",195556,2157,17600.04,"RCP85","Rep1"
"13",654,2157,58.86,"RCP85","Rep1"
"0",5481414,2158,493327.26,"RCP85","Rep1"
"1",2175579,2158,195802.11,"RCP85","Rep1"
"2",395341,2158,35580.69,"RCP85","Rep1"
"3",195247,2158,17572.23,"RCP85","Rep1"
"4",138693,2158,12482.37,"RCP85","Rep1"
"6",246651,2158,22198.59,"RCP85","Rep1"
"7",237818,2158,21403.62,"RCP85","Rep1"
"8",122693,2158,11042.37,"RCP85","Rep1"
"9",251596,2158,22643.64,"RCP85","Rep1"
"10",630,2158,56.7,"RCP85","Rep1"
"11",74543,2158,6708.87,"RCP85","Rep1"
"12",199216,2158,17929.44,"RCP85","Rep1"
"13",583,2158,52.47,"RCP85","Rep1"
"0",5490461,2159,494141.49,"RCP85","Rep1"
"1",2159484,2159,194353.56,"RCP85","Rep1"
"2",402867,2159,36258.03,"RCP85","Rep1"
"3",193092,2159,17378.28,"RCP85","Rep1"
"4",139196,2159,12527.64,"RCP85","Rep1"
"6",241275,2159,21714.75,"RCP85","Rep1"
"7",237726,2159,21395.34,"RCP85","Rep1"
"8",122509,2159,11025.81,"RCP85","Rep1"
"9",253760,2159,22838.4,"RCP85","Rep1"
"10",620,2159,55.8,"RCP85","Rep1"
"11",75592,2159,6803.28,"RCP85","Rep1"
"12",202902,2159,18261.18,"RCP85","Rep1"
"13",520,2159,46.8,"RCP85","Rep1"
"0",5488525,2160,493967.25,"RCP85","Rep1"
"1",2151446,2160,193630.14,"RCP85","Rep1"
"2",409469,2160,36852.21,"RCP85","Rep1"
"3",192143,2160,17292.87,"RCP85","Rep1"
"4",138857,2160,12497.13,"RCP85","Rep1"
"6",238029,2160,21422.61,"RCP85","Rep1"
"7",238188,2160,21436.92,"RCP85","Rep1"
"8",123106,2160,11079.54,"RCP85","Rep1"
"9",255222,2160,22969.98,"RCP85","Rep1"
"10",604,2160,54.36,"RCP85","Rep1"
"11",77007,2160,6930.63,"RCP85","Rep1"
"12",206930,2160,18623.7,"RCP85","Rep1"
"13",478,2160,43.02,"RCP85","Rep1"
"0",5486367,2161,493773.03,"RCP85","Rep1"
"1",2143339,2161,192900.51,"RCP85","Rep1"
"2",416107,2161,37449.63,"RCP85","Rep1"
"3",191364,2161,17222.76,"RCP85","Rep1"
"4",139010,2161,12510.9,"RCP85","Rep1"
"6",234479,2161,21103.11,"RCP85","Rep1"
"7",238671,2161,21480.39,"RCP85","Rep1"
"8",123580,2161,11122.2,"RCP85","Rep1"
"9",256828,2161,23114.52,"RCP85","Rep1"
"10",592,2161,53.28,"RCP85","Rep1"
"11",78465,2161,7061.85,"RCP85","Rep1"
"12",210760,2161,18968.4,"RCP85","Rep1"
"13",442,2161,39.78,"RCP85","Rep1"
"0",5484647,2162,493618.23,"RCP85","Rep1"
"1",2134249,2162,192082.41,"RCP85","Rep1"
"2",423896,2162,38150.64,"RCP85","Rep1"
"3",190716,2162,17164.44,"RCP85","Rep1"
"4",138982,2162,12508.38,"RCP85","Rep1"
"6",230297,2162,20726.73,"RCP85","Rep1"
"7",239030,2162,21512.7,"RCP85","Rep1"
"8",124042,2162,11163.78,"RCP85","Rep1"
"9",258723,2162,23285.07,"RCP85","Rep1"
"10",585,2162,52.65,"RCP85","Rep1"
"11",79721,2162,7174.89,"RCP85","Rep1"
"12",214710,2162,19323.9,"RCP85","Rep1"
"13",406,2162,36.54,"RCP85","Rep1"
"0",5482933,2163,493463.97,"RCP85","Rep1"
"1",2123614,2163,191125.26,"RCP85","Rep1"
"2",432646,2163,38938.14,"RCP85","Rep1"
"3",189813,2163,17083.17,"RCP85","Rep1"
"4",139000,2163,12510,"RCP85","Rep1"
"6",226268,2163,20364.12,"RCP85","Rep1"
"7",239357,2163,21542.13,"RCP85","Rep1"
"8",124634,2163,11217.06,"RCP85","Rep1"
"9",260750,2163,23467.5,"RCP85","Rep1"
"10",574,2163,51.66,"RCP85","Rep1"
"11",80906,2163,7281.54,"RCP85","Rep1"
"12",219126,2163,19721.34,"RCP85","Rep1"
"13",383,2163,34.47,"RCP85","Rep1"
"0",5491736,2164,494256.24,"RCP85","Rep1"
"1",2103976,2164,189357.84,"RCP85","Rep1"
"2",442251,2164,39802.59,"RCP85","Rep1"
"3",187528,2164,16877.52,"RCP85","Rep1"
"4",139554,2164,12559.86,"RCP85","Rep1"
"6",221119,2164,19900.71,"RCP85","Rep1"
"7",239261,2164,21533.49,"RCP85","Rep1"
"8",124667,2164,11220.03,"RCP85","Rep1"
"9",263740,2164,23736.6,"RCP85","Rep1"
"10",581,2164,52.29,"RCP85","Rep1"
"11",81809,2164,7362.81,"RCP85","Rep1"
"12",223435,2164,20109.15,"RCP85","Rep1"
"13",347,2164,31.23,"RCP85","Rep1"
"0",5489412,2165,494047.08,"RCP85","Rep1"
"1",2091209,2165,188208.81,"RCP85","Rep1"
"2",451193,2165,40607.37,"RCP85","Rep1"
"3",186613,2165,16795.17,"RCP85","Rep1"
"4",139562,2165,12560.58,"RCP85","Rep1"
"6",217732,2165,19595.88,"RCP85","Rep1"
"7",239779,2165,21580.11,"RCP85","Rep1"
"8",125252,2165,11272.68,"RCP85","Rep1"
"9",266407,2165,23976.63,"RCP85","Rep1"
"10",575,2165,51.75,"RCP85","Rep1"
"11",83241,2165,7491.69,"RCP85","Rep1"
"12",228705,2165,20583.45,"RCP85","Rep1"
"13",324,2165,29.16,"RCP85","Rep1"
"0",5487244,2166,493851.96,"RCP85","Rep1"
"1",2078917,2166,187102.53,"RCP85","Rep1"
"2",458973,2166,41307.57,"RCP85","Rep1"
"3",185993,2166,16739.37,"RCP85","Rep1"
"4",139450,2166,12550.5,"RCP85","Rep1"
"6",214386,2166,19294.74,"RCP85","Rep1"
"7",240328,2166,21629.52,"RCP85","Rep1"
"8",125873,2166,11328.57,"RCP85","Rep1"
"9",269354,2166,24241.86,"RCP85","Rep1"
"10",569,2166,51.21,"RCP85","Rep1"
"11",84774,2166,7629.66,"RCP85","Rep1"
"12",233852,2166,21046.68,"RCP85","Rep1"
"13",291,2166,26.19,"RCP85","Rep1"
"0",5485287,2167,493675.83,"RCP85","Rep1"
"1",2067642,2167,186087.78,"RCP85","Rep1"
"2",466670,2167,42000.3,"RCP85","Rep1"
"3",185391,2167,16685.19,"RCP85","Rep1"
"4",139259,2167,12533.31,"RCP85","Rep1"
"6",210941,2167,18984.69,"RCP85","Rep1"
"7",240914,2167,21682.26,"RCP85","Rep1"
"8",126440,2167,11379.6,"RCP85","Rep1"
"9",271796,2167,24461.64,"RCP85","Rep1"
"10",559,2167,50.31,"RCP85","Rep1"
"11",86296,2167,7766.64,"RCP85","Rep1"
"12",238543,2167,21468.87,"RCP85","Rep1"
"13",266,2167,23.94,"RCP85","Rep1"
"0",5483315,2168,493498.35,"RCP85","Rep1"
"1",2056431,2168,185078.79,"RCP85","Rep1"
"2",474276,2168,42684.84,"RCP85","Rep1"
"3",185090,2168,16658.1,"RCP85","Rep1"
"4",138924,2168,12503.16,"RCP85","Rep1"
"6",207342,2168,18660.78,"RCP85","Rep1"
"7",241437,2168,21729.33,"RCP85","Rep1"
"8",126983,2168,11428.47,"RCP85","Rep1"
"9",274292,2168,24686.28,"RCP85","Rep1"
"10",558,2168,50.22,"RCP85","Rep1"
"11",87865,2168,7907.85,"RCP85","Rep1"
"12",243243,2168,21891.87,"RCP85","Rep1"
"13",248,2168,22.32,"RCP85","Rep1"
"0",5492384,2169,494314.56,"RCP85","Rep1"
"1",2036302,2169,183267.18,"RCP85","Rep1"
"2",481892,2169,43370.28,"RCP85","Rep1"
"3",184758,2169,16628.22,"RCP85","Rep1"
"4",138254,2169,12442.86,"RCP85","Rep1"
"6",204190,2169,18377.1,"RCP85","Rep1"
"7",241223,2169,21710.07,"RCP85","Rep1"
"8",127050,2169,11434.5,"RCP85","Rep1"
"9",276870,2169,24918.3,"RCP85","Rep1"
"10",564,2169,50.76,"RCP85","Rep1"
"11",89054,2169,8014.86,"RCP85","Rep1"
"12",247246,2169,22252.14,"RCP85","Rep1"
"13",217,2169,19.53,"RCP85","Rep1"
"0",5490023,2170,494102.07,"RCP85","Rep1"
"1",2023964,2170,182156.76,"RCP85","Rep1"
"2",489882,2170,44089.38,"RCP85","Rep1"
"3",185204,2170,16668.36,"RCP85","Rep1"
"4",137834,2170,12405.06,"RCP85","Rep1"
"6",201487,2170,18133.83,"RCP85","Rep1"
"7",241799,2170,21761.91,"RCP85","Rep1"
"8",127549,2170,11479.41,"RCP85","Rep1"
"9",279141,2170,25122.69,"RCP85","Rep1"
"10",557,2170,50.13,"RCP85","Rep1"
"11",90672,2170,8160.48,"RCP85","Rep1"
"12",251691,2170,22652.19,"RCP85","Rep1"
"13",201,2170,18.09,"RCP85","Rep1"
"0",5487570,2171,493881.3,"RCP85","Rep1"
"1",2013561,2171,181220.49,"RCP85","Rep1"
"2",496653,2171,44698.77,"RCP85","Rep1"
"3",185691,2171,16712.19,"RCP85","Rep1"
"4",137102,2171,12339.18,"RCP85","Rep1"
"6",198775,2171,17889.75,"RCP85","Rep1"
"7",242123,2171,21791.07,"RCP85","Rep1"
"8",128282,2171,11545.38,"RCP85","Rep1"
"9",281510,2171,25335.9,"RCP85","Rep1"
"10",555,2171,49.95,"RCP85","Rep1"
"11",92242,2171,8301.78,"RCP85","Rep1"
"12",255752,2171,23017.68,"RCP85","Rep1"
"13",188,2171,16.92,"RCP85","Rep1"
"0",5485799,2172,493721.91,"RCP85","Rep1"
"1",2002852,2172,180256.68,"RCP85","Rep1"
"2",504456,2172,45401.04,"RCP85","Rep1"
"3",185921,2172,16732.89,"RCP85","Rep1"
"4",136212,2172,12259.08,"RCP85","Rep1"
"6",195556,2172,17600.04,"RCP85","Rep1"
"7",242307,2172,21807.63,"RCP85","Rep1"
"8",128837,2172,11595.33,"RCP85","Rep1"
"9",284093,2172,25568.37,"RCP85","Rep1"
"10",543,2172,48.87,"RCP85","Rep1"
"11",93532,2172,8417.88,"RCP85","Rep1"
"12",259731,2172,23375.79,"RCP85","Rep1"
"13",165,2172,14.85,"RCP85","Rep1"
"0",5483499,2173,493514.91,"RCP85","Rep1"
"1",1991055,2173,179194.95,"RCP85","Rep1"
"2",512336,2173,46110.24,"RCP85","Rep1"
"3",186411,2173,16776.99,"RCP85","Rep1"
"4",135473,2173,12192.57,"RCP85","Rep1"
"6",192975,2173,17367.75,"RCP85","Rep1"
"7",242414,2173,21817.26,"RCP85","Rep1"
"8",129513,2173,11656.17,"RCP85","Rep1"
"9",286472,2173,25782.48,"RCP85","Rep1"
"10",541,2173,48.69,"RCP85","Rep1"
"11",95323,2173,8579.07,"RCP85","Rep1"
"12",263835,2173,23745.15,"RCP85","Rep1"
"13",157,2173,14.13,"RCP85","Rep1"
"0",5493245,2174,494392.05,"RCP85","Rep1"
"1",1971579,2174,177442.11,"RCP85","Rep1"
"2",521092,2174,46898.28,"RCP85","Rep1"
"3",185571,2174,16701.39,"RCP85","Rep1"
"4",134572,2174,12111.48,"RCP85","Rep1"
"6",189026,2174,17012.34,"RCP85","Rep1"
"7",241885,2174,21769.65,"RCP85","Rep1"
"8",129589,2174,11663.01,"RCP85","Rep1"
"9",289452,2174,26050.68,"RCP85","Rep1"
"10",539,2174,48.51,"RCP85","Rep1"
"11",96069,2174,8646.21,"RCP85","Rep1"
"12",267246,2174,24052.14,"RCP85","Rep1"
"13",139,2174,12.51,"RCP85","Rep1"
"0",5491532,2175,494237.88,"RCP85","Rep1"
"1",1960525,2175,176447.25,"RCP85","Rep1"
"2",528138,2175,47532.42,"RCP85","Rep1"
"3",186117,2175,16750.53,"RCP85","Rep1"
"4",133393,2175,12005.37,"RCP85","Rep1"
"6",187575,2175,16881.75,"RCP85","Rep1"
"7",242638,2175,21837.42,"RCP85","Rep1"
"8",128851,2175,11596.59,"RCP85","Rep1"
"9",291441,2175,26229.69,"RCP85","Rep1"
"10",532,2175,47.88,"RCP85","Rep1"
"11",97710,2175,8793.9,"RCP85","Rep1"
"12",271422,2175,24427.98,"RCP85","Rep1"
"13",130,2175,11.7,"RCP85","Rep1"
"0",5489014,2176,494011.26,"RCP85","Rep1"
"1",1949230,2176,175430.7,"RCP85","Rep1"
"2",535100,2176,48159,"RCP85","Rep1"
"3",186524,2176,16787.16,"RCP85","Rep1"
"4",132539,2176,11928.51,"RCP85","Rep1"
"6",185970,2176,16737.3,"RCP85","Rep1"
"7",242643,2176,21837.87,"RCP85","Rep1"
"8",129592,2176,11663.28,"RCP85","Rep1"
"9",293693,2176,26432.37,"RCP85","Rep1"
"10",530,2176,47.7,"RCP85","Rep1"
"11",99460,2176,8951.4,"RCP85","Rep1"
"12",275589,2176,24803.01,"RCP85","Rep1"
"13",120,2176,10.8,"RCP85","Rep1"
"0",5487283,2177,493855.47,"RCP85","Rep1"
"1",1938186,2177,174436.74,"RCP85","Rep1"
"2",542970,2177,48867.3,"RCP85","Rep1"
"3",186774,2177,16809.66,"RCP85","Rep1"
"4",131733,2177,11855.97,"RCP85","Rep1"
"6",184388,2177,16594.92,"RCP85","Rep1"
"7",242519,2177,21826.71,"RCP85","Rep1"
"8",130096,2177,11708.64,"RCP85","Rep1"
"9",295310,2177,26577.9,"RCP85","Rep1"
"10",533,2177,47.97,"RCP85","Rep1"
"11",100699,2177,9062.91,"RCP85","Rep1"
"12",279396,2177,25145.64,"RCP85","Rep1"
"13",117,2177,10.53,"RCP85","Rep1"
"0",5484644,2178,493617.96,"RCP85","Rep1"
"1",1926807,2178,173412.63,"RCP85","Rep1"
"2",550776,2178,49569.84,"RCP85","Rep1"
"3",187354,2178,16861.86,"RCP85","Rep1"
"4",131117,2178,11800.53,"RCP85","Rep1"
"6",183705,2178,16533.45,"RCP85","Rep1"
"7",242451,2178,21820.59,"RCP85","Rep1"
"8",130695,2178,11762.55,"RCP85","Rep1"
"9",296671,2178,26700.39,"RCP85","Rep1"
"10",538,2178,48.42,"RCP85","Rep1"
"11",102288,2178,9205.92,"RCP85","Rep1"
"12",282846,2178,25456.14,"RCP85","Rep1"
"13",112,2178,10.08,"RCP85","Rep1"
"0",5492411,2179,494316.99,"RCP85","Rep1"
"1",1908926,2179,171803.34,"RCP85","Rep1"
"2",558908,2179,50301.72,"RCP85","Rep1"
"3",187152,2179,16843.68,"RCP85","Rep1"
"4",130492,2179,11744.28,"RCP85","Rep1"
"6",182322,2179,16408.98,"RCP85","Rep1"
"7",241525,2179,21737.25,"RCP85","Rep1"
"8",130752,2179,11767.68,"RCP85","Rep1"
"9",298005,2179,26820.45,"RCP85","Rep1"
"10",535,2179,48.15,"RCP85","Rep1"
"11",103190,2179,9287.1,"RCP85","Rep1"
"12",285684,2179,25711.56,"RCP85","Rep1"
"13",102,2179,9.18,"RCP85","Rep1"
"0",5490170,2180,494115.3,"RCP85","Rep1"
"1",1897352,2180,170761.68,"RCP85","Rep1"
"2",566949,2180,51025.41,"RCP85","Rep1"
"3",187159,2180,16844.31,"RCP85","Rep1"
"4",129682,2180,11671.38,"RCP85","Rep1"
"6",181572,2180,16341.48,"RCP85","Rep1"
"7",241482,2180,21733.38,"RCP85","Rep1"
"8",131328,2180,11819.52,"RCP85","Rep1"
"9",299604,2180,26964.36,"RCP85","Rep1"
"10",529,2180,47.61,"RCP85","Rep1"
"11",104524,2180,9407.16,"RCP85","Rep1"
"12",289555,2180,26059.95,"RCP85","Rep1"
"13",98,2180,8.82,"RCP85","Rep1"
"0",5487891,2181,493910.19,"RCP85","Rep1"
"1",1886367,2181,169773.03,"RCP85","Rep1"
"2",574381,2181,51694.29,"RCP85","Rep1"
"3",187043,2181,16833.87,"RCP85","Rep1"
"4",128509,2181,11565.81,"RCP85","Rep1"
"6",180773,2181,16269.57,"RCP85","Rep1"
"7",241484,2181,21733.56,"RCP85","Rep1"
"8",131868,2181,11868.12,"RCP85","Rep1"
"9",301151,2181,27103.59,"RCP85","Rep1"
"10",527,2181,47.43,"RCP85","Rep1"
"11",106012,2181,9541.08,"RCP85","Rep1"
"12",293908,2181,26451.72,"RCP85","Rep1"
"13",90,2181,8.1,"RCP85","Rep1"
"0",5485562,2182,493700.58,"RCP85","Rep1"
"1",1875828,2182,168824.52,"RCP85","Rep1"
"2",581378,2182,52324.02,"RCP85","Rep1"
"3",187025,2182,16832.25,"RCP85","Rep1"
"4",127433,2182,11468.97,"RCP85","Rep1"
"6",180118,2182,16210.62,"RCP85","Rep1"
"7",241450,2182,21730.5,"RCP85","Rep1"
"8",132431,2182,11918.79,"RCP85","Rep1"
"9",302471,2182,27222.39,"RCP85","Rep1"
"10",519,2182,46.71,"RCP85","Rep1"
"11",107602,2182,9684.18,"RCP85","Rep1"
"12",298108,2182,26829.72,"RCP85","Rep1"
"13",79,2182,7.11,"RCP85","Rep1"
"0",5482926,2183,493463.34,"RCP85","Rep1"
"1",1866181,2183,167956.29,"RCP85","Rep1"
"2",588064,2183,52925.76,"RCP85","Rep1"
"3",187404,2183,16866.36,"RCP85","Rep1"
"4",126423,2183,11378.07,"RCP85","Rep1"
"6",179878,2183,16189.02,"RCP85","Rep1"
"7",241363,2183,21722.67,"RCP85","Rep1"
"8",132960,2183,11966.4,"RCP85","Rep1"
"9",303514,2183,27316.26,"RCP85","Rep1"
"10",531,2183,47.79,"RCP85","Rep1"
"11",109177,2183,9825.93,"RCP85","Rep1"
"12",301508,2183,27135.72,"RCP85","Rep1"
"13",75,2183,6.75,"RCP85","Rep1"
"0",5490400,2184,494136,"RCP85","Rep1"
"1",1850682,2184,166561.38,"RCP85","Rep1"
"2",594180,2184,53476.2,"RCP85","Rep1"
"3",187302,2184,16857.18,"RCP85","Rep1"
"4",125392,2184,11285.28,"RCP85","Rep1"
"6",178772,2184,16089.48,"RCP85","Rep1"
"7",240206,2184,21618.54,"RCP85","Rep1"
"8",133419,2184,12007.71,"RCP85","Rep1"
"9",304571,2184,27411.39,"RCP85","Rep1"
"10",528,2184,47.52,"RCP85","Rep1"
"11",110100,2184,9909,"RCP85","Rep1"
"12",304381,2184,27394.29,"RCP85","Rep1"
"13",71,2184,6.39,"RCP85","Rep1"
"0",5488083,2185,493927.47,"RCP85","Rep1"
"1",1842198,2185,165797.82,"RCP85","Rep1"
"2",600713,2185,54064.17,"RCP85","Rep1"
"3",187325,2185,16859.25,"RCP85","Rep1"
"4",124131,2185,11171.79,"RCP85","Rep1"
"6",178026,2185,16022.34,"RCP85","Rep1"
"7",242046,2185,21784.14,"RCP85","Rep1"
"8",132526,2185,11927.34,"RCP85","Rep1"
"9",305749,2185,27517.41,"RCP85","Rep1"
"10",517,2185,46.53,"RCP85","Rep1"
"11",111482,2185,10033.38,"RCP85","Rep1"
"12",307139,2185,27642.51,"RCP85","Rep1"
"13",69,2185,6.21,"RCP85","Rep1"
"0",5485160,2186,493664.4,"RCP85","Rep1"
"1",1833569,2186,165021.21,"RCP85","Rep1"
"2",607477,2186,54672.93,"RCP85","Rep1"
"3",187706,2186,16893.54,"RCP85","Rep1"
"4",122891,2186,11060.19,"RCP85","Rep1"
"6",177973,2186,16017.57,"RCP85","Rep1"
"7",240750,2186,21667.5,"RCP85","Rep1"
"8",133974,2186,12057.66,"RCP85","Rep1"
"9",306219,2186,27559.71,"RCP85","Rep1"
"10",514,2186,46.26,"RCP85","Rep1"
"11",113219,2186,10189.71,"RCP85","Rep1"
"12",310487,2186,27943.83,"RCP85","Rep1"
"13",65,2186,5.85,"RCP85","Rep1"
"0",5482829,2187,493454.61,"RCP85","Rep1"
"1",1825444,2187,164289.96,"RCP85","Rep1"
"2",614751,2187,55327.59,"RCP85","Rep1"
"3",187505,2187,16875.45,"RCP85","Rep1"
"4",121648,2187,10948.32,"RCP85","Rep1"
"6",177540,2187,15978.6,"RCP85","Rep1"
"7",239822,2187,21583.98,"RCP85","Rep1"
"8",134927,2187,12143.43,"RCP85","Rep1"
"9",307025,2187,27632.25,"RCP85","Rep1"
"10",512,2187,46.08,"RCP85","Rep1"
"11",114642,2187,10317.78,"RCP85","Rep1"
"12",313297,2187,28196.73,"RCP85","Rep1"
"13",62,2187,5.58,"RCP85","Rep1"
"0",5480349,2188,493231.41,"RCP85","Rep1"
"1",1816775,2188,163509.75,"RCP85","Rep1"
"2",622459,2188,56021.31,"RCP85","Rep1"
"3",187420,2188,16867.8,"RCP85","Rep1"
"4",120472,2188,10842.48,"RCP85","Rep1"
"6",177234,2188,15951.06,"RCP85","Rep1"
"7",238718,2188,21484.62,"RCP85","Rep1"
"8",135838,2188,12225.42,"RCP85","Rep1"
"9",307940,2188,27714.6,"RCP85","Rep1"
"10",506,2188,45.54,"RCP85","Rep1"
"11",116106,2188,10449.54,"RCP85","Rep1"
"12",316129,2188,28451.61,"RCP85","Rep1"
"13",58,2188,5.22,"RCP85","Rep1"
"0",5489164,2189,494024.76,"RCP85","Rep1"
"1",1802707,2189,162243.63,"RCP85","Rep1"
"2",629636,2189,56667.24,"RCP85","Rep1"
"3",186244,2189,16761.96,"RCP85","Rep1"
"4",119389,2189,10745.01,"RCP85","Rep1"
"6",175131,2189,15761.79,"RCP85","Rep1"
"7",236430,2189,21278.7,"RCP85","Rep1"
"8",136487,2189,12283.83,"RCP85","Rep1"
"9",309010,2189,27810.9,"RCP85","Rep1"
"10",482,2189,43.38,"RCP85","Rep1"
"11",116746,2189,10507.14,"RCP85","Rep1"
"12",318525,2189,28667.25,"RCP85","Rep1"
"13",53,2189,4.77,"RCP85","Rep1"
"0",5486934,2190,493824.06,"RCP85","Rep1"
"1",1794927,2190,161543.43,"RCP85","Rep1"
"2",636742,2190,57306.78,"RCP85","Rep1"
"3",185827,2190,16724.43,"RCP85","Rep1"
"4",118256,2190,10643.04,"RCP85","Rep1"
"6",174256,2190,15683.04,"RCP85","Rep1"
"7",291743,2190,26256.87,"RCP85","Rep1"
"8",80834,2190,7275.06,"RCP85","Rep1"
"9",310214,2190,27919.26,"RCP85","Rep1"
"10",478,2190,43.02,"RCP85","Rep1"
"11",118168,2190,10635.12,"RCP85","Rep1"
"12",321574,2190,28941.66,"RCP85","Rep1"
"13",51,2190,4.59,"RCP85","Rep1"
"0",5484357,2191,493592.13,"RCP85","Rep1"
"1",1788160,2191,160934.4,"RCP85","Rep1"
"2",643222,2191,57889.98,"RCP85","Rep1"
"3",185217,2191,16669.53,"RCP85","Rep1"
"4",116880,2191,10519.2,"RCP85","Rep1"
"6",173919,2191,15652.71,"RCP85","Rep1"
"7",289826,2191,26084.34,"RCP85","Rep1"
"8",82118,2191,7390.62,"RCP85","Rep1"
"9",311333,2191,28019.97,"RCP85","Rep1"
"10",476,2191,42.84,"RCP85","Rep1"
"11",119731,2191,10775.79,"RCP85","Rep1"
"12",324715,2191,29224.35,"RCP85","Rep1"
"13",50,2191,4.5,"RCP85","Rep1"
"0",5481782,2192,493360.38,"RCP85","Rep1"
"1",1782045,2192,160384.05,"RCP85","Rep1"
"2",649635,2192,58467.15,"RCP85","Rep1"
"3",184355,2192,16591.95,"RCP85","Rep1"
"4",115626,2192,10406.34,"RCP85","Rep1"
"6",173639,2192,15627.51,"RCP85","Rep1"
"7",287870,2192,25908.3,"RCP85","Rep1"
"8",83433,2192,7508.97,"RCP85","Rep1"
"9",312421,2192,28117.89,"RCP85","Rep1"
"10",472,2192,42.48,"RCP85","Rep1"
"11",121208,2192,10908.72,"RCP85","Rep1"
"12",327471,2192,29472.39,"RCP85","Rep1"
"13",47,2192,4.23,"RCP85","Rep1"
"0",5479632,2193,493166.88,"RCP85","Rep1"
"1",1776224,2193,159860.16,"RCP85","Rep1"
"2",656487,2193,59083.83,"RCP85","Rep1"
"3",183187,2193,16486.83,"RCP85","Rep1"
"4",114346,2193,10291.14,"RCP85","Rep1"
"6",172588,2193,15532.92,"RCP85","Rep1"
"7",285627,2193,25706.43,"RCP85","Rep1"
"8",84669,2193,7620.21,"RCP85","Rep1"
"9",313596,2193,28223.64,"RCP85","Rep1"
"10",466,2193,41.94,"RCP85","Rep1"
"11",122624,2193,11036.16,"RCP85","Rep1"
"12",330511,2193,29745.99,"RCP85","Rep1"
"13",47,2193,4.23,"RCP85","Rep1"
"0",5487730,2194,493895.7,"RCP85","Rep1"
"1",1766338,2194,158970.42,"RCP85","Rep1"
"2",661316,2194,59518.44,"RCP85","Rep1"
"3",181702,2194,16353.18,"RCP85","Rep1"
"4",113125,2194,10181.25,"RCP85","Rep1"
"6",170965,2194,15386.85,"RCP85","Rep1"
"7",281885,2194,25369.65,"RCP85","Rep1"
"8",85810,2194,7722.9,"RCP85","Rep1"
"9",314422,2194,28297.98,"RCP85","Rep1"
"10",451,2194,40.59,"RCP85","Rep1"
"11",123557,2194,11120.13,"RCP85","Rep1"
"12",332658,2194,29939.22,"RCP85","Rep1"
"13",45,2194,4.05,"RCP85","Rep1"
"0",5485846,2195,493726.14,"RCP85","Rep1"
"1",1762751,2195,158647.59,"RCP85","Rep1"
"2",666370,2195,59973.3,"RCP85","Rep1"
"3",180818,2195,16273.62,"RCP85","Rep1"
"4",112326,2195,10109.34,"RCP85","Rep1"
"6",169175,2195,15225.75,"RCP85","Rep1"
"7",279232,2195,25130.88,"RCP85","Rep1"
"8",87564,2195,7880.76,"RCP85","Rep1"
"9",315941,2195,28434.69,"RCP85","Rep1"
"10",450,2195,40.5,"RCP85","Rep1"
"11",124682,2195,11221.38,"RCP85","Rep1"
"12",334805,2195,30132.45,"RCP85","Rep1"
"13",44,2195,3.96,"RCP85","Rep1"
"0",5483174,2196,493485.66,"RCP85","Rep1"
"1",1759650,2196,158368.5,"RCP85","Rep1"
"2",670601,2196,60354.09,"RCP85","Rep1"
"3",180316,2196,16228.44,"RCP85","Rep1"
"4",111111,2196,9999.99,"RCP85","Rep1"
"6",168817,2196,15193.53,"RCP85","Rep1"
"7",276097,2196,24848.73,"RCP85","Rep1"
"8",88738,2196,7986.42,"RCP85","Rep1"
"9",317130,2196,28541.7,"RCP85","Rep1"
"10",449,2196,40.41,"RCP85","Rep1"
"11",126249,2196,11362.41,"RCP85","Rep1"
"12",337631,2196,30386.79,"RCP85","Rep1"
"13",41,2196,3.69,"RCP85","Rep1"
"0",5481088,2197,493297.92,"RCP85","Rep1"
"1",1757445,2197,158170.05,"RCP85","Rep1"
"2",674962,2197,60746.58,"RCP85","Rep1"
"3",179403,2197,16146.27,"RCP85","Rep1"
"4",109777,2197,9879.93,"RCP85","Rep1"
"6",167950,2197,15115.5,"RCP85","Rep1"
"7",272755,2197,24547.95,"RCP85","Rep1"
"8",89813,2197,8083.17,"RCP85","Rep1"
"9",318332,2197,28649.88,"RCP85","Rep1"
"10",438,2197,39.42,"RCP85","Rep1"
"11",127468,2197,11472.12,"RCP85","Rep1"
"12",340534,2197,30648.06,"RCP85","Rep1"
"13",39,2197,3.51,"RCP85","Rep1"
"0",5478645,2198,493078.05,"RCP85","Rep1"
"1",1755250,2198,157972.5,"RCP85","Rep1"
"2",679288,2198,61135.92,"RCP85","Rep1"
"3",178561,2198,16070.49,"RCP85","Rep1"
"4",108532,2198,9767.88,"RCP85","Rep1"
"6",167677,2198,15090.93,"RCP85","Rep1"
"7",269220,2198,24229.8,"RCP85","Rep1"
"8",91037,2198,8193.33,"RCP85","Rep1"
"9",319356,2198,28742.04,"RCP85","Rep1"
"10",426,2198,38.34,"RCP85","Rep1"
"11",128917,2198,11602.53,"RCP85","Rep1"
"12",343058,2198,30875.22,"RCP85","Rep1"
"13",37,2198,3.33,"RCP85","Rep1"
"0",5486599,2199,493793.91,"RCP85","Rep1"
"1",1748652,2199,157378.68,"RCP85","Rep1"
"2",683221,2199,61489.89,"RCP85","Rep1"
"3",176670,2199,15900.3,"RCP85","Rep1"
"4",107665,2199,9689.85,"RCP85","Rep1"
"6",165993,2199,14939.37,"RCP85","Rep1"
"7",264389,2199,23795.01,"RCP85","Rep1"
"8",91763,2199,8258.67,"RCP85","Rep1"
"9",320279,2199,28825.11,"RCP85","Rep1"
"10",437,2199,39.33,"RCP85","Rep1"
"11",129578,2199,11662.02,"RCP85","Rep1"
"12",344723,2199,31025.07,"RCP85","Rep1"
"13",35,2199,3.15,"RCP85","Rep1"
